// Generated by tools/gen_car_sprite.py (Honda City sedan, side view). Do not edit.
static const int CAR_W = 200, CAR_H = 66;
static const uint16_t CAR_PX[13200] = {
    0x0000, 0x0000, 0x0000, 0x0000, 0x0000, 0x0000, 0x0000, 0x0000, 0x0000, 0x0000, 0x0000, 0x0000,
    0x0000, 0x0000, 0x0000, 0x0000, 0x0000, 0x0000, 0x0000, 0x0000, 0x0000, 0x0000, 0x0000, 0x0000,
    0x0000, 0x0000, 0x0000, 0x0000, 0x0000, 0x0000, 0x0000, 0x0000, 0x0000, 0x0000, 0x0000, 0x0000,
    0x0000, 0x0000, 0x0000, 0x0000, 0x0000, 0x0000, 0x0000, 0x0000, 0x0000, 0x0000, 0x0000, 0x0000,
    0x0000, 0x0000, 0x0000, 0x0000, 0x0000, 0x0000, 0x0000, 0x0000, 0x0000, 0x0000, 0x0000, 0x0000,
    0x0000, 0x0000, 0x0000, 0x0000, 0x0000, 0x0000, 0x0000, 0x0000, 0x0000, 0x0000, 0x0000, 0x0000,
    0x0000, 0x0000, 0x0000, 0x0000, 0x0000, 0x0000, 0x0000, 0x2987, 0x2987, 0x2987, 0x2987, 0x0000,
    0x0000, 0x0000, 0x0000, 0x0000, 0x0000, 0x0000, 0x0000, 0x0000, 0x0000, 0x0000, 0x0000, 0x0000,
    0x0000, 0x0000, 0x0000, 0x0000, 0x0000, 0x0000, 0x0000, 0x0000, 0x0000, 0x0000, 0x0000, 0x0000,
    0x0000, 0x0000, 0x0000, 0x0000, 0x0000, 0x0000, 0x0000, 0x0000, 0x0000, 0x0000, 0x0000, 0x0000,
    0x0000, 0x0000, 0x0000, 0x0000, 0x0000, 0x0000, 0x0000, 0x0000, 0x0000, 0x0000, 0x0000, 0x0000,
    0x0000, 0x0000, 0x0000, 0x0000, 0x0000, 0x0000, 0x0000, 0x0000, 0x0000, 0x0000, 0x0000, 0x0000,
    0x0000, 0x0000, 0x0000, 0x0000, 0x0000, 0x0000, 0x0000, 0x0000, 0x0000, 0x0000, 0x0000, 0x0000,
    0x0000, 0x0000, 0x0000, 0x0000, 0x0000, 0x0000, 0x0000, 0x0000, 0x0000, 0x0000, 0x0000, 0x0000,
    0x0000, 0x0000, 0x0000, 0x0000, 0x0000, 0x0000, 0x0000, 0x0000, 0x0000, 0x0000, 0x0000, 0x0000,
    0x0000, 0x0000, 0x0000, 0x0000, 0x0000, 0x0000, 0x0000, 0x0000, 0x0000, 0x0000, 0x0000, 0x0000,
    0x0000, 0x0000, 0x0000, 0x0000, 0x0000, 0x0000, 0x0000, 0x0000, 0x0000, 0x0000, 0x0000, 0x0000,
    0x0000, 0x0000, 0x0000, 0x0000, 0x0000, 0x0000, 0x0000, 0x0000, 0x0000, 0x0000, 0x0000, 0x0000,
    0x0000, 0x0000, 0x0000, 0x0000, 0x0000, 0x0000, 0x0000, 0x0000, 0x0000, 0x0000, 0x0000, 0x0000,
    0x0000, 0x0000, 0x0000, 0x0000, 0x0000, 0x0000, 0x0000, 0x0000, 0x0000, 0x0000, 0x0000, 0x0000,
    0x0000, 0x0000, 0x0000, 0x0000, 0x0000, 0x0000, 0x0000, 0x0000, 0x0000, 0x0000, 0x0000, 0x0000,
    0x0000, 0x0000, 0x0000, 0x0000, 0x0000, 0x0000, 0x0000, 0x0000, 0x0000, 0x0000, 0x0000, 0x0000,
    0x0000, 0x0000, 0x0000, 0x0000, 0x0000, 0x0000, 0x0000, 0x0000, 0x0000, 0x0000, 0xEF9E, 0xEF9E,
    0xEF9E, 0x2987, 0x2987, 0x2987, 0x2987, 0x2987, 0x2987, 0xEF9E, 0xEF9E, 0xEF9E, 0xEF9E, 0xEF9E,
    0xEF9E, 0xEF9E, 0xEF9E, 0xEF9E, 0xEF9E, 0xEF9E, 0xEF9E, 0xEF9E, 0xEF9E, 0xEF9E, 0xEF9E, 0xEF9E,
    0xEF9E, 0xEF9E, 0xEF9E, 0xEF9E, 0xEF9E, 0xEF9E, 0xEF9E, 0xEF9E, 0xEF9E, 0xEF9E, 0xEF9E, 0xEF9E,
    0xEF9E, 0xEF9E, 0xEF9E, 0xEF9E, 0x0000, 0x0000, 0x0000, 0x0000, 0x0000, 0x0000, 0x0000, 0x0000,
    0x0000, 0x0000, 0x0000, 0x0000, 0x0000, 0x0000, 0x0000, 0x0000, 0x0000, 0x0000, 0x0000, 0x0000,
    0x0000, 0x0000, 0x0000, 0x0000, 0x0000, 0x0000, 0x0000, 0x0000, 0x0000, 0x0000, 0x0000, 0x0000,
    0x0000, 0x0000, 0x0000, 0x0000, 0x0000, 0x0000, 0x0000, 0x0000, 0x0000, 0x0000, 0x0000, 0x0000,
    0x0000, 0x0000, 0x0000, 0x0000, 0x0000, 0x0000, 0x0000, 0x0000, 0x0000, 0x0000, 0x0000, 0x0000,
    0x0000, 0x0000, 0x0000, 0x0000, 0x0000, 0x0000, 0x0000, 0x0000, 0x0000, 0x0000, 0x0000, 0x0000,
    0x0000, 0x0000, 0x0000, 0x0000, 0x0000, 0x0000, 0x0000, 0x0000, 0x0000, 0x0000, 0x0000, 0x0000,
    0x0000, 0x0000, 0x0000, 0x0000, 0x0000, 0x0000, 0x0000, 0x0000, 0x0000, 0x0000, 0x0000, 0x0000,
    0x0000, 0x0000, 0x0000, 0x0000, 0x0000, 0x0000, 0x0000, 0x0000, 0x0000, 0x0000, 0x0000, 0x0000,
    0x0000, 0x0000, 0x0000, 0x0000, 0x0000, 0x0000, 0x0000, 0x0000, 0x0000, 0x0000, 0x0000, 0x0000,
    0x0000, 0x0000, 0x0000, 0x0000, 0x0000, 0x0000, 0x0000, 0x0000, 0x0000, 0x0000, 0x0000, 0x0000,
    0x0000, 0x0000, 0x0000, 0x0000, 0x0000, 0x0000, 0x0000, 0x0000, 0x0000, 0x0000, 0x0000, 0x0000,
    0x0000, 0x0000, 0x0000, 0x0000, 0x0000, 0x0000, 0x0000, 0x0000, 0x0000, 0x0000, 0xA577, 0xA577,
    0xA577, 0xA577, 0xA577, 0xA577, 0xA577, 0xA577, 0xA577, 0xA577, 0xA577, 0xA577, 0xA577, 0xA577,
    0xA577, 0xA577, 0xA577, 0xA577, 0xA577, 0xA577, 0xA577, 0xA577, 0xEF9E, 0xEF9E, 0xEF9E, 0xEF9E,
    0xEF9E, 0xEF9E, 0xEF9E, 0xEF9E, 0xEF9E, 0xEF9E, 0xEF9E, 0xEF9E, 0xEF9E, 0xEF9E, 0xEF9E, 0xEF9E,
    0xEF9E, 0xEF9E, 0xEF9E, 0xEF9E, 0xA577, 0xA577, 0xA577, 0xA577, 0xA577, 0xA577, 0x0000, 0x0000,
    0x0000, 0x0000, 0x0000, 0x0000, 0x0000, 0x0000, 0x0000, 0x0000, 0x0000, 0x0000, 0x0000, 0x0000,
    0x0000, 0x0000, 0x0000, 0x0000, 0x0000, 0x0000, 0x0000, 0x0000, 0x0000, 0x0000, 0x0000, 0x0000,
    0x0000, 0x0000, 0x0000, 0x0000, 0x0000, 0x0000, 0x0000, 0x0000, 0x0000, 0x0000, 0x0000, 0x0000,
    0x0000, 0x0000, 0x0000, 0x0000, 0x0000, 0x0000, 0x0000, 0x0000, 0x0000, 0x0000, 0x0000, 0x0000,
    0x0000, 0x0000, 0x0000, 0x0000, 0x0000, 0x0000, 0x0000, 0x0000, 0x0000, 0x0000, 0x0000, 0x0000,
    0x0000, 0x0000, 0x0000, 0x0000, 0x0000, 0x0000, 0x0000, 0x0000, 0x0000, 0x0000, 0x0000, 0x0000,
    0x0000, 0x0000, 0x0000, 0x0000, 0x0000, 0x0000, 0x0000, 0x0000, 0x0000, 0x0000, 0x0000, 0x0000,
    0x0000, 0x0000, 0x0000, 0x0000, 0x0000, 0x0000, 0x0000, 0x0000, 0x0000, 0x0000, 0x0000, 0x0000,
    0x0000, 0x0000, 0x0000, 0x0000, 0x0000, 0x0000, 0x0000, 0x0000, 0x0000, 0x0000, 0x0000, 0x0000,
    0x0000, 0x0000, 0x0000, 0x0000, 0x0000, 0x0000, 0x0000, 0x0000, 0x0000, 0x0000, 0x0000, 0x0000,
    0x0000, 0x0000, 0x0000, 0x0000, 0x0000, 0x0000, 0x0000, 0x0000, 0x0000, 0x0000, 0x0000, 0x0000,
    0x0000, 0x0000, 0x0000, 0x0000, 0x0000, 0x0000, 0x0000, 0x0000, 0x0000, 0x0000, 0x0000, 0x0000,
    0xA577, 0xA577, 0xA577, 0xA577, 0xA577, 0xA577, 0xA577, 0xA577, 0xA577, 0xA577, 0xA577, 0xA577,
    0xA577, 0xA577, 0x0882, 0x0882, 0x0882, 0x0882, 0x0882, 0x0882, 0x0882, 0x0882, 0x0882, 0x0882,
    0x0882, 0x0882, 0x2987, 0x2987, 0x2987, 0x2987, 0x0882, 0x0882, 0x0882, 0x0882, 0x0882, 0x0882,
    0x0882, 0x0882, 0x0882, 0x0882, 0x0882, 0x0882, 0x0882, 0x0882, 0x0882, 0x0882, 0x0882, 0xA577,
    0xA577, 0xA577, 0xA577, 0xA577, 0xA577, 0xA577, 0xA577, 0xA577, 0xA577, 0xA577, 0x0000, 0x0000,
    0x0000, 0x0000, 0x0000, 0x0000, 0x0000, 0x0000, 0x0000, 0x0000, 0x0000, 0x0000, 0x0000, 0x0000,
    0x0000, 0x0000, 0x0000, 0x0000, 0x0000, 0x0000, 0x0000, 0x0000, 0x0000, 0x0000, 0x0000, 0x0000,
    0x0000, 0x0000, 0x0000, 0x0000, 0x0000, 0x0000, 0x0000, 0x0000, 0x0000, 0x0000, 0x0000, 0x0000,
    0x0000, 0x0000, 0x0000, 0x0000, 0x0000, 0x0000, 0x0000, 0x0000, 0x0000, 0x0000, 0x0000, 0x0000,
    0x0000, 0x0000, 0x0000, 0x0000, 0x0000, 0x0000, 0x0000, 0x0000, 0x0000, 0x0000, 0x0000, 0x0000,
    0x0000, 0x0000, 0x0000, 0x0000, 0x0000, 0x0000, 0x0000, 0x0000, 0x0000, 0x0000, 0x0000, 0x0000,
    0x0000, 0x0000, 0x0000, 0x0000, 0x0000, 0x0000, 0x0000, 0x0000, 0x0000, 0x0000, 0x0000, 0x0000,
    0x0000, 0x0000, 0x0000, 0x0000, 0x0000, 0x0000, 0x0000, 0x0000, 0x0000, 0x0000, 0x0000, 0x0000,
    0x0000, 0x0000, 0x0000, 0x0000, 0x0000, 0x0000, 0x0000, 0x0000, 0x0000, 0x0000, 0x0000, 0x0000,
    0x0000, 0x0000, 0x0000, 0x0000, 0x0000, 0x0000, 0x0000, 0x0000, 0x0000, 0x0000, 0x0000, 0x0000,
    0x0000, 0x0000, 0x0000, 0x0000, 0x0000, 0x0000, 0x0000, 0x0000, 0x0000, 0x0000, 0x0000, 0x0000,
    0x0000, 0x0000, 0x0000, 0xA577, 0xA577, 0xA577, 0xA577, 0xA577, 0xA577, 0xA577, 0xA577, 0xA577,
    0xA577, 0xA577, 0xA577, 0x0882, 0x0882, 0x0882, 0x0882, 0x0882, 0x0882, 0x0882, 0x0882, 0x0882,
    0x0882, 0x0882, 0x0882, 0x0882, 0x0882, 0x0882, 0x0882, 0x0882, 0x0882, 0x0882, 0x2987, 0x2987,
    0x2987, 0x2987, 0x0882, 0x0882, 0x0882, 0x0882, 0x0882, 0x0882, 0x0882, 0x0882, 0x0882, 0x0882,
    0x0882, 0x0882, 0x0882, 0x0882, 0x0882, 0x0882, 0x0882, 0x0882, 0x0882, 0x0882, 0x0882, 0x0882,
    0x0882, 0x0882, 0xA577, 0xA577, 0xA577, 0xA577, 0xA577, 0xA577, 0xA577, 0x0000, 0x0000, 0x0000,
    0x0000, 0x0000, 0x0000, 0x0000, 0x0000, 0x0000, 0x0000, 0x0000, 0x0000, 0x0000, 0x0000, 0x0000,
    0x0000, 0x0000, 0x0000, 0x0000, 0x0000, 0x0000, 0x0000, 0x0000, 0x0000, 0x0000, 0x0000, 0x0000,
    0x0000, 0x0000, 0x0000, 0x0000, 0x0000, 0x0000, 0x0000, 0x0000, 0x0000, 0x0000, 0x0000, 0x0000,
    0x0000, 0x0000, 0x0000, 0x0000, 0x0000, 0x0000, 0x0000, 0x0000, 0x0000, 0x0000, 0x0000, 0x0000,
    0x0000, 0x0000, 0x0000, 0x0000, 0x0000, 0x0000, 0x0000, 0x0000, 0x0000, 0x0000, 0x0000, 0x0000,
    0x0000, 0x0000, 0x0000, 0x0000, 0x0000, 0x0000, 0x0000, 0x0000, 0x0000, 0x0000, 0x0000, 0x0000,
    0x0000, 0x0000, 0x0000, 0x0000, 0x0000, 0x0000, 0x0000, 0x0000, 0x0000, 0x0000, 0x0000, 0x0000,
    0x0000, 0x0000, 0x0000, 0x0000, 0x0000, 0x0000, 0x0000, 0x0000, 0x0000, 0x0000, 0x0000, 0x0000,
    0x0000, 0x0000, 0x0000, 0x0000, 0x0000, 0x0000, 0x0000, 0x0000, 0x0000, 0x0000, 0x0000, 0x0000,
    0x0000, 0x0000, 0x0000, 0x0000, 0x0000, 0x0000, 0x0000, 0x0000, 0x0000, 0x0000, 0x0000, 0x0000,
    0x0000, 0x0000, 0x0000, 0x0000, 0x0000, 0x0000, 0x0000, 0x0000, 0xA577, 0xA577, 0xA577, 0xA577,
    0x2987, 0xA577, 0xA577, 0xA577, 0xA577, 0xA577, 0x0882, 0x0882, 0x0882, 0x0882, 0x0882, 0x0882,
    0x0882, 0x0882, 0x0882, 0x0882, 0x0882, 0x0882, 0x0882, 0x0882, 0x0882, 0x0882, 0x0882, 0x0882,
    0x0882, 0x0882, 0x0882, 0x0882, 0x0882, 0x0882, 0x2987, 0x2987, 0x2987, 0x2987, 0x0882, 0x0882,
    0x0882, 0x0882, 0x0882, 0x0882, 0x0882, 0x0882, 0x0882, 0x0882, 0x0882, 0x0882, 0x0882, 0x0882,
    0x0882, 0x0882, 0x0882, 0x0882, 0x0882, 0x0882, 0x0882, 0x0882, 0x0882, 0x0882, 0x0882, 0x0882,
    0x0882, 0xA577, 0xA577, 0xA577, 0xA577, 0xA577, 0x0000, 0x0000, 0x0000, 0x0000, 0x0000, 0x0000,
    0x0000, 0x0000, 0x0000, 0x0000, 0x0000, 0x0000, 0x0000, 0x0000, 0x0000, 0x0000, 0x0000, 0x0000,
    0x0000, 0x0000, 0x0000, 0x0000, 0x0000, 0x0000, 0x0000, 0x0000, 0x0000, 0x0000, 0x0000, 0x0000,
    0x0000, 0x0000, 0x0000, 0x0000, 0x0000, 0x0000, 0x0000, 0x0000, 0x0000, 0x0000, 0x0000, 0x0000,
    0x0000, 0x0000, 0x0000, 0x0000, 0x0000, 0x0000, 0x0000, 0x0000, 0x0000, 0x0000, 0x0000, 0x0000,
    0x0000, 0x0000, 0x0000, 0x0000, 0x0000, 0x0000, 0x0000, 0x0000, 0x0000, 0x0000, 0x0000, 0x0000,
    0x0000, 0x0000, 0x0000, 0x0000, 0x0000, 0x0000, 0x0000, 0x0000, 0x0000, 0x0000, 0x0000, 0x0000,
    0x0000, 0x0000, 0x0000, 0x0000, 0x0000, 0x0000, 0x0000, 0x0000, 0x0000, 0x0000, 0x0000, 0x0000,
    0x0000, 0x0000, 0x0000, 0x0000, 0x0000, 0x0000, 0x0000, 0x0000, 0x0000, 0x0000, 0x0000, 0x0000,
    0x0000, 0x0000, 0x0000, 0x0000, 0x0000, 0x0000, 0x0000, 0x0000, 0x0000, 0x0000, 0x0000, 0x0000,
    0x0000, 0x0000, 0x0000, 0x0000, 0x0000, 0x0000, 0x0000, 0x0000, 0x0000, 0x0000, 0x0000, 0x0000,
    0x0000, 0xA577, 0xA577, 0xA577, 0xA577, 0xA577, 0xA577, 0xA577, 0x2987, 0x0882, 0x0882, 0x0882,
    0x0882, 0x0882, 0x0882, 0x0882, 0x0882, 0x0882, 0x29C9, 0x0882, 0x0882, 0x0882, 0x0882, 0x0882,
    0x0882, 0x0882, 0x0882, 0x0882, 0x0882, 0x0882, 0x0882, 0x0882, 0x0882, 0x0882, 0x0882, 0x0882,
    0x0882, 0x0882, 0x2987, 0x2987, 0x2987, 0x2987, 0x0882, 0x0882, 0x0882, 0x0882, 0x0882, 0x0882,
    0x0882, 0x0882, 0x0882, 0x0882, 0x0882, 0x0882, 0x0882, 0x0882, 0x0882, 0x0882, 0x0882, 0x0882,
    0x0882, 0x0882, 0x0882, 0x0882, 0x0882, 0x0882, 0x0882, 0x0882, 0x0882, 0x0882, 0x0882, 0x0882,
    0xA577, 0xA577, 0xA577, 0xA577, 0x0000, 0x0000, 0x0000, 0x0000, 0x0000, 0x0000, 0x0000, 0x0000,
    0x0000, 0x0000, 0x0000, 0x0000, 0x0000, 0x0000, 0x0000, 0x0000, 0x0000, 0x0000, 0x0000, 0x0000,
    0x0000, 0x0000, 0x0000, 0x0000, 0x0000, 0x0000, 0x0000, 0x0000, 0x0000, 0x0000, 0x0000, 0x0000,
    0x0000, 0x0000, 0x0000, 0x0000, 0x0000, 0x0000, 0x0000, 0x0000, 0x0000, 0x0000, 0x0000, 0x0000,
    0x0000, 0x0000, 0x0000, 0x0000, 0x0000, 0x0000, 0x0000, 0x0000, 0x0000, 0x0000, 0x0000, 0x0000,
    0x0000, 0x0000, 0x0000, 0x0000, 0x0000, 0x0000, 0x0000, 0x0000, 0x0000, 0x0000, 0x0000, 0x0000,
    0x0000, 0x0000, 0x0000, 0x0000, 0x0000, 0x0000, 0x0000, 0x0000, 0x0000, 0x0000, 0x0000, 0x0000,
    0x0000, 0x0000, 0x0000, 0x0000, 0x0000, 0x0000, 0x0000, 0x0000, 0x0000, 0x0000, 0x0000, 0x0000,
    0x0000, 0x0000, 0x0000, 0x0000, 0x0000, 0x0000, 0x0000, 0x0000, 0x0000, 0x0000, 0x0000, 0x0000,
    0x0000, 0x0000, 0x0000, 0x0000, 0x0000, 0x0000, 0x0000, 0x0000, 0x0000, 0x0000, 0x0000, 0x0000,
    0x0000, 0x0000, 0x0000, 0x0000, 0x0000, 0x0000, 0xA577, 0xA577, 0xA577, 0xA577, 0xA577, 0xA577,
    0xA577, 0xA577, 0xA577, 0x0882, 0x2987, 0x0882, 0x0882, 0x0882, 0x0882, 0x0882, 0x0882, 0x0882,
    0x0882, 0x0882, 0x0882, 0x29C9, 0x0882, 0x0882, 0x0882, 0x0882, 0x0882, 0x0882, 0x0882, 0x0882,
    0x0882, 0x0882, 0x0882, 0x0882, 0x0882, 0x0882, 0x0882, 0x0882, 0x0882, 0x0882, 0x2987, 0x2987,
    0x2987, 0x2987, 0x0882, 0x0882, 0x0882, 0x0882, 0x0882, 0x0882, 0x0882, 0x0882, 0x0882, 0x0882,
    0x0882, 0x0882, 0x0882, 0x0882, 0x0882, 0x0882, 0x0882, 0x0882, 0x0882, 0x0882, 0x0882, 0x0882,
    0x0882, 0x0882, 0x0882, 0x0882, 0x0882, 0x0882, 0x0882, 0x0882, 0x0882, 0xA577, 0xA577, 0xA577,
    0xA577, 0x0000, 0x0000, 0x0000, 0x0000, 0x0000, 0x0000, 0x0000, 0x0000, 0x0000, 0x0000, 0x0000,
    0x0000, 0x0000, 0x0000, 0x0000, 0x0000, 0x0000, 0x0000, 0x0000, 0x0000, 0x0000, 0x0000, 0x0000,
    0x0000, 0x0000, 0x0000, 0x0000, 0x0000, 0x0000, 0x0000, 0x0000, 0x0000, 0x0000, 0x0000, 0x0000,
    0x0000, 0x0000, 0x0000, 0x0000, 0x0000, 0x0000, 0x0000, 0x0000, 0x0000, 0x0000, 0x0000, 0x0000,
    0x0000, 0x0000, 0x0000, 0x0000, 0x0000, 0x0000, 0x0000, 0x0000, 0x0000, 0x0000, 0x0000, 0x0000,
    0x0000, 0x0000, 0x0000, 0x0000, 0x0000, 0x0000, 0x0000, 0x0000, 0x0000, 0x0000, 0x0000, 0x0000,
    0x0000, 0x0000, 0x0000, 0x0000, 0x0000, 0x0000, 0x0000, 0x0000, 0x0000, 0x0000, 0x0000, 0x0000,
    0x0000, 0x0000, 0x0000, 0x0000, 0x0000, 0x0000, 0x0000, 0x0000, 0x0000, 0x0000, 0x0000, 0x0000,
    0x0000, 0x0000, 0x0000, 0x0000, 0x0000, 0x0000, 0x0000, 0x0000, 0x0000, 0x0000, 0x0000, 0x0000,
    0x0000, 0x0000, 0x0000, 0x0000, 0x0000, 0x0000, 0x0000, 0x0000, 0x0000, 0x0000, 0x0000, 0xA577,
    0xA577, 0xA577, 0xA577, 0xA577, 0xA577, 0xA577, 0xA577, 0xA577, 0xA577, 0x0882, 0x0882, 0x2987,
    0x0882, 0x0882, 0x0882, 0x0882, 0x0882, 0x0882, 0x0882, 0x0882, 0x0882, 0x0882, 0x0882, 0x0882,
    0x29C9, 0x0882, 0x0882, 0x0882, 0x0882, 0x0882, 0x0882, 0x0882, 0x0882, 0x0882, 0x0882, 0x0882,
    0x0882, 0x0882, 0x0882, 0x0882, 0x0882, 0x0882, 0x2987, 0x2987, 0x2987, 0x2987, 0x0882, 0x0882,
    0x0882, 0x0882, 0x0882, 0x0882, 0x0882, 0x0882, 0x0882, 0x0882, 0x0882, 0x0882, 0x0882, 0x0882,
    0x0882, 0x0882, 0x0882, 0x0882, 0x0882, 0x0882, 0x0882, 0x0882, 0x0882, 0x0882, 0x0882, 0x0882,
    0x0882, 0x29C9, 0x29C9, 0x0882, 0x0882, 0x0882, 0x0882, 0xA577, 0xA577, 0xA577, 0xA577, 0x0000,
    0x0000, 0x0000, 0x0000, 0x0000, 0x0000, 0x0000, 0x0000, 0x0000, 0x0000, 0x0000, 0x0000, 0x0000,
    0x0000, 0x0000, 0x0000, 0x0000, 0x0000, 0x0000, 0x0000, 0x0000, 0x0000, 0x0000, 0x0000, 0x0000,
    0x0000, 0x0000, 0x0000, 0x0000, 0x0000, 0x0000, 0x0000, 0x0000, 0x0000, 0x0000, 0x0000, 0x0000,
    0x0000, 0x0000, 0x0000, 0x0000, 0x0000, 0x0000, 0x0000, 0x0000, 0x0000, 0x0000, 0x0000, 0x0000,
    0x0000, 0x0000, 0x0000, 0x0000, 0x0000, 0x0000, 0x0000, 0x0000, 0x0000, 0x0000, 0x0000, 0x0000,
    0x0000, 0x0000, 0x0000, 0x0000, 0x0000, 0x0000, 0x0000, 0x0000, 0x0000, 0x0000, 0x0000, 0x0000,
    0x0000, 0x0000, 0x0000, 0x0000, 0x0000, 0x0000, 0x0000, 0x0000, 0x0000, 0x0000, 0x0000, 0x0000,
    0x0000, 0x0000, 0x0000, 0x0000, 0x0000, 0x0000, 0x0000, 0x0000, 0x0000, 0x0000, 0x0000, 0x0000,
    0x0000, 0x0000, 0x0000, 0x0000, 0x0000, 0x0000, 0x0000, 0x0000, 0x0000, 0x0000, 0x0000, 0x0000,
    0x0000, 0x0000, 0x0000, 0x0000, 0xA577, 0xA577, 0xA577, 0xA577, 0xA577, 0xA577, 0xA577, 0xA577,
    0xA577, 0xA577, 0xA577, 0xA577, 0x0882, 0x0882, 0x0882, 0x2987, 0x0882, 0x0882, 0x0882, 0x0882,
    0x0882, 0x0882, 0x0882, 0x0882, 0x0882, 0x0882, 0x0882, 0x0882, 0x0882, 0x29C9, 0x0882, 0x0882,
    0x0882, 0x0882, 0x0882, 0x0882, 0x0882, 0x0882, 0x0882, 0x0882, 0x0882, 0x0882, 0x0882, 0x0882,
    0x0882, 0x0882, 0x2987, 0x2987, 0x2987, 0x2987, 0x0882, 0x0882, 0x0882, 0x0882, 0x0882, 0x0882,
    0x0882, 0x0882, 0x0882, 0x0882, 0x0882, 0x0882, 0x0882, 0x0882, 0x0882, 0x0882, 0x0882, 0x0882,
    0x0882, 0x0882, 0x0882, 0x0882, 0x0882, 0x0882, 0x0882, 0x0882, 0x0882, 0x0882, 0x29C9, 0x29C9,
    0x0882, 0x0882, 0x0882, 0x0882, 0xA577, 0xA577, 0xA577, 0xA577, 0xA577, 0x0000, 0x0000, 0x0000,
    0x0000, 0x0000, 0x0000, 0x0000, 0x0000, 0x0000, 0x0000, 0x0000, 0x0000, 0x0000, 0x0000, 0x0000,
    0x0000, 0x0000, 0x0000, 0x0000, 0x0000, 0x0000, 0x0000, 0x0000, 0x0000, 0x0000, 0x0000, 0x0000,
    0x0000, 0x0000, 0x0000, 0x0000, 0x0000, 0x0000, 0x0000, 0x0000, 0x0000, 0x0000, 0x0000, 0x0000,
    0x0000, 0x0000, 0x0000, 0x0000, 0x0000, 0x0000, 0x0000, 0x0000, 0x0000, 0x0000, 0x0000, 0x0000,
    0x0000, 0x0000, 0x0000, 0x0000, 0x0000, 0x0000, 0x0000, 0x0000, 0x0000, 0x0000, 0x0000, 0x0000,
    0x0000, 0x0000, 0x0000, 0x0000, 0x0000, 0x0000, 0x0000, 0x0000, 0x0000, 0x0000, 0x0000, 0x0000,
    0x0000, 0x0000, 0x0000, 0x0000, 0x0000, 0x0000, 0x0000, 0x0000, 0x0000, 0x0000, 0x0000, 0x0000,
    0x0000, 0x0000, 0x0000, 0x0000, 0x0000, 0x0000, 0x0000, 0x0000, 0x0000, 0x0000, 0x0000, 0x0000,
    0x0000, 0x0000, 0x0000, 0x0000, 0x0000, 0x0000, 0x0000, 0x0000, 0x0000, 0x0000, 0xA577, 0xA577,
    0xA577, 0xA577, 0xA577, 0xA577, 0xA577, 0xA577, 0xA577, 0xA577, 0xA577, 0xA577, 0x0882, 0x0882,
    0x0882, 0x0882, 0x0882, 0x2987, 0x0882, 0x0882, 0x0882, 0x0882, 0x0882, 0x0882, 0x0882, 0x0882,
    0x0882, 0x0882, 0x0882, 0x0882, 0x0882, 0x0882, 0x29C9, 0x0882, 0x0882, 0x0882, 0x0882, 0x0882,
    0x0882, 0x0882, 0x0882, 0x0882, 0x0882, 0x0882, 0x0882, 0x0882, 0x0882, 0x0882, 0x2987, 0x2987,
    0x2987, 0x2987, 0x0882, 0x0882, 0x0882, 0x0882, 0x0882, 0x0882, 0x0882, 0x0882, 0x0882, 0x0882,
    0x0882, 0x0882, 0x0882, 0x0882, 0x0882, 0x0882, 0x0882, 0x0882, 0x0882, 0x0882, 0x0882, 0x0882,
    0x0882, 0x0882, 0x0882, 0x0882, 0x0882, 0x0882, 0x0882, 0x29C9, 0x29C9, 0x0882, 0x0882, 0x0882,
    0x0882, 0x0882, 0xA577, 0xA577, 0xA577, 0xA577, 0x0000, 0x0000, 0x0000, 0x0000, 0x0000, 0x0000,
    0x0000, 0x0000, 0x0000, 0x0000, 0x0000, 0x0000, 0x0000, 0x0000, 0x0000, 0x0000, 0x0000, 0x0000,
    0x0000, 0x0000, 0x0000, 0x0000, 0x0000, 0x0000, 0x0000, 0x0000, 0x0000, 0x0000, 0x0000, 0x0000,
    0x0000, 0x0000, 0x0000, 0x0000, 0x0000, 0x0000, 0x0000, 0x0000, 0x0000, 0x0000, 0x0000, 0x0000,
    0x0000, 0x0000, 0x0000, 0x0000, 0x0000, 0x0000, 0x0000, 0x0000, 0x0000, 0x0000, 0x0000, 0x0000,
    0x0000, 0x0000, 0x0000, 0x0000, 0x0000, 0x0000, 0x0000, 0x0000, 0x0000, 0x0000, 0x0000, 0x0000,
    0x0000, 0x0000, 0x0000, 0x0000, 0x0000, 0x0000, 0x0000, 0x0000, 0x0000, 0x0000, 0x0000, 0x0000,
    0x0000, 0x0000, 0x0000, 0x0000, 0x0000, 0x0000, 0x0000, 0x0000, 0x0000, 0x0000, 0x0000, 0x0000,
    0x0000, 0x0000, 0x0000, 0x0000, 0x0000, 0x0000, 0x0000, 0x0000, 0x0000, 0x0000, 0x0000, 0x0000,
    0x0000, 0x0000, 0x0000, 0xA577, 0xA577, 0xA577, 0xA577, 0xA577, 0xA577, 0xA577, 0xA577, 0xA577,
    0xA577, 0xA577, 0xA577, 0xA577, 0xA577, 0x0882, 0x0882, 0x0882, 0x0882, 0x0882, 0x0882, 0x2987,
    0x0882, 0x0882, 0x0882, 0x0882, 0x0882, 0x0882, 0x0882, 0x0882, 0x0882, 0x0882, 0x0882, 0x0882,
    0x0882, 0x0882, 0x0882, 0x29C9, 0x0882, 0x0882, 0x0882, 0x0882, 0x0882, 0x0882, 0x0882, 0x0882,
    0x0882, 0x0882, 0x0882, 0x0882, 0x0882, 0x0882, 0x2987, 0x2987, 0x2987, 0x2987, 0x0882, 0x0882,
    0x0882, 0x0882, 0x0882, 0x0882, 0x0882, 0x0882, 0x0882, 0x0882, 0x0882, 0x0882, 0x0882, 0x0882,
    0x0882, 0x0882, 0x0882, 0x0882, 0x0882, 0x0882, 0x0882, 0x0882, 0x0882, 0x0882, 0x0882, 0x0882,
    0x0882, 0x0882, 0x0882, 0x0882, 0x29C9, 0x29C9, 0x0882, 0x0882, 0x0882, 0x0882, 0x0882, 0xA577,
    0xA577, 0xA577, 0xA577, 0xA577, 0x0000, 0x0000, 0x0000, 0x0000, 0x0000, 0x0000, 0x0000, 0x0000,
    0x0000, 0x0000, 0x0000, 0x0000, 0x0000, 0x0000, 0x0000, 0x0000, 0x0000, 0x0000, 0x0000, 0x0000,
    0x0000, 0x0000, 0x0000, 0x0000, 0x0000, 0x0000, 0x0000, 0x0000, 0x0000, 0x0000, 0x0000, 0x0000,
    0x0000, 0x0000, 0x0000, 0x0000, 0x0000, 0x0000, 0x0000, 0x0000, 0x0000, 0x0000, 0x0000, 0x0000,
    0x0000, 0x0000, 0x0000, 0x0000, 0x0000, 0x0000, 0x0000, 0x0000, 0x0000, 0x0000, 0x0000, 0x0000,
    0x0000, 0x0000, 0x0000, 0x0000, 0x0000, 0x0000, 0x0000, 0x0000, 0x0000, 0x0000, 0x0000, 0x0000,
    0x0000, 0x0000, 0x0000, 0x0000, 0x0000, 0x0000, 0x0000, 0x0000, 0x0000, 0x0000, 0x0000, 0x0000,
    0x0000, 0x0000, 0x0000, 0x0000, 0x0000, 0x0000, 0x0000, 0x0000, 0x0000, 0x0000, 0x0000, 0x0000,
    0x0000, 0x0000, 0x0000, 0x0000, 0x0000, 0x0000, 0x0000, 0x0000, 0x0000, 0xA577, 0xA577, 0xA577,
    0xA577, 0xA577, 0xA577, 0xA577, 0xA577, 0xA577, 0xA577, 0xA577, 0xA577, 0xA577, 0xA577, 0xA577,
    0x0882, 0x0882, 0x0882, 0x0882, 0x0882, 0x0882, 0x0882, 0x2987, 0x0882, 0x0882, 0x0882, 0x0882,
    0x0882, 0x0882, 0x0882, 0x0882, 0x0882, 0x0882, 0x0882, 0x0882, 0x0882, 0x0882, 0x0882, 0x0882,
    0x29C9, 0x0882, 0x0882, 0x0882, 0x0882, 0x0882, 0x0882, 0x0882, 0x0882, 0x0882, 0x0882, 0x0882,
    0x0882, 0x0882, 0x2987, 0x2987, 0x2987, 0x2987, 0x0882, 0x0882, 0x0882, 0x0882, 0x0882, 0x0882,
    0x0882, 0x0882, 0x0882, 0x0882, 0x0882, 0x0882, 0x0882, 0x0882, 0x0882, 0x0882, 0x0882, 0x0882,
    0x0882, 0x0882, 0x0882, 0x0882, 0x0882, 0x0882, 0x0882, 0x0882, 0x0882, 0x0882, 0x0882, 0x0882,
    0x0882, 0x29C9, 0x29C9, 0x0882, 0x0882, 0x0882, 0x0882, 0x0882, 0x0882, 0xA577, 0xA577, 0xA577,
    0xA577, 0x0000, 0x0000, 0x0000, 0x0000, 0x0000, 0x0000, 0x0000, 0x0000, 0x0000, 0x0000, 0x0000,
    0x0000, 0x0000, 0x0000, 0x0000, 0x0000, 0x0000, 0x0000, 0x0000, 0x0000, 0x0000, 0x0000, 0x0000,
    0x0000, 0x0000, 0x0000, 0x0000, 0x0000, 0x0000, 0x0000, 0x0000, 0x0000, 0x0000, 0x0000, 0x0000,
    0x0000, 0x0000, 0x0000, 0x0000, 0x0000, 0x0000, 0x0000, 0x0000, 0x0000, 0x0000, 0x0000, 0x0000,
    0x0000, 0x0000, 0x0000, 0x0000, 0x0000, 0x0000, 0x0000, 0x0000, 0x0000, 0x0000, 0x0000, 0x0000,
    0x0000, 0x0000, 0x0000, 0x0000, 0x0000, 0x0000, 0x0000, 0x0000, 0x0000, 0x0000, 0x0000, 0x0000,
    0x0000, 0x0000, 0x0000, 0x0000, 0x0000, 0x0000, 0x0000, 0x0000, 0x0000, 0x0000, 0x0000, 0x0000,
    0x0000, 0x0000, 0x0000, 0x0000, 0x0000, 0x0000, 0x0000, 0x0000, 0x0000, 0x0000, 0x0000, 0x0000,
    0x0000, 0x0000, 0xA577, 0xA577, 0xA577, 0xA577, 0xA577, 0xA577, 0xA577, 0xA577, 0xA577, 0xA577,
    0xA577, 0xA577, 0xA577, 0xA577, 0xA577, 0xA577, 0x0882, 0x0882, 0x0882, 0x0882, 0x0882, 0x0882,
    0x0882, 0x0882, 0x2987, 0x0882, 0x0882, 0x0882, 0x0882, 0x0882, 0x0882, 0x0882, 0x0882, 0x0882,
    0x0882, 0x0882, 0x0882, 0x0882, 0x0882, 0x0882, 0x0882, 0x0882, 0x0882, 0x0882, 0x0882, 0x0882,
    0x0882, 0x0882, 0x0882, 0x0882, 0x0882, 0x0882, 0x0882, 0x0882, 0x0882, 0x0882, 0x2987, 0x2987,
    0x2987, 0x2987, 0x0882, 0x0882, 0x0882, 0x0882, 0x0882, 0x0882, 0x0882, 0x0882, 0x0882, 0x0882,
    0x0882, 0x0882, 0x0882, 0x0882, 0x0882, 0x0882, 0x0882, 0x0882, 0x0882, 0x0882, 0x0882, 0x0882,
    0x0882, 0x0882, 0x0882, 0x0882, 0x0882, 0x0882, 0x0882, 0x0882, 0x0882, 0x0882, 0x29C9, 0x29C9,
    0x0882, 0x0882, 0x0882, 0x0882, 0x0882, 0x0882, 0xA577, 0xA577, 0xA577, 0xA577, 0xA577, 0x0000,
    0x0000, 0x0000, 0x0000, 0x0000, 0x0000, 0x0000, 0x0000, 0x0000, 0x0000, 0x0000, 0x0000, 0x0000,
    0x0000, 0x0000, 0x0000, 0x0000, 0x0000, 0x0000, 0x0000, 0x0000, 0x0000, 0x0000, 0x0000, 0x0000,
    0x0000, 0x0000, 0x0000, 0x0000, 0x0000, 0x0000, 0x0000, 0x0000, 0x0000, 0x0000, 0x0000, 0x0000,
    0x0000, 0x0000, 0x0000, 0x0000, 0x0000, 0x0000, 0x0000, 0x0000, 0x0000, 0x0000, 0x0000, 0x0000,
    0x0000, 0x0000, 0x0000, 0x0000, 0x0000, 0x0000, 0x0000, 0x0000, 0x0000, 0x0000, 0x0000, 0x0000,
    0x0000, 0x0000, 0x0000, 0x0000, 0x0000, 0x0000, 0xEF9E, 0xEF9E, 0xEF9E, 0xEF9E, 0xEF9E, 0xEF9E,
    0xEF9E, 0xEF9E, 0xEF9E, 0xEF9E, 0x0000, 0x0000, 0x0000, 0x0000, 0x0000, 0x0000, 0x0000, 0x0000,
    0x0000, 0x0000, 0x0000, 0x0000, 0x0000, 0x0000, 0x0000, 0x0000, 0xA577, 0xA577, 0xA577, 0xA577,
    0xA577, 0xA577, 0xA577, 0xA577, 0xA577, 0xA577, 0xA577, 0xA577, 0xA577, 0xA577, 0xA577, 0xA577,
    0xA577, 0x0882, 0x0882, 0x0882, 0x0882, 0x0882, 0x0882, 0x0882, 0x0882, 0x0882, 0x2987, 0x0882,
    0x0882, 0x0882, 0x0882, 0x0882, 0x0882, 0x0882, 0x0882, 0x0882, 0x0882, 0x0882, 0x0882, 0x0882,
    0x0882, 0x0882, 0x0882, 0x0882, 0x0882, 0x0882, 0x0882, 0x0882, 0x0882, 0x0882, 0x0882, 0x0882,
    0x0882, 0x0882, 0x0882, 0x0882, 0x0882, 0x0882, 0x2987, 0x2987, 0x2987, 0x2987, 0x0882, 0x0882,
    0x0882, 0x0882, 0x0882, 0x0882, 0x0882, 0x0882, 0x0882, 0x0882, 0x0882, 0x0882, 0x0882, 0x0882,
    0x0882, 0x0882, 0x0882, 0x0882, 0x0882, 0x0882, 0x0882, 0x0882, 0x0882, 0x0882, 0x0882, 0x0882,
    0x0882, 0x0882, 0x0882, 0x0882, 0x0882, 0x0882, 0x0882, 0x29C9, 0x29C9, 0x0882, 0x0882, 0x0882,
    0x0882, 0x0882, 0x0882, 0x0882, 0xA577, 0xA577, 0xA577, 0xA577, 0x0000, 0x0000, 0x0000, 0x0000,
    0x0000, 0x0000, 0x0000, 0x0000, 0x0000, 0x0000, 0x0000, 0x0000, 0x0000, 0x0000, 0x0000, 0x0000,
    0x0000, 0x0000, 0x0000, 0x0000, 0x0000, 0x0000, 0x0000, 0x0000, 0x0000, 0x0000, 0x0000, 0x0000,
    0x0000, 0x0000, 0x0000, 0x0000, 0x0000, 0x0000, 0x0000, 0x0000, 0x0000, 0x0000, 0x0000, 0x0000,
    0x0000, 0x0000, 0x0000, 0x0000, 0x0000, 0x0000, 0x0000, 0x0000, 0x0000, 0x0000, 0x0000, 0x0000,
    0x0000, 0x0000, 0x0000, 0x0000, 0x0000, 0x0000, 0x0000, 0x0000, 0x0000, 0x0000, 0x0000, 0x0000,
    0x0000, 0x0000, 0xEF9E, 0xEF9E, 0xEF9E, 0xEF9E, 0xEF9E, 0xEF9E, 0xEF9E, 0x0000, 0x0000, 0x0000,
    0x0000, 0x0000, 0x0000, 0x0000, 0x0000, 0x0000, 0x0000, 0x0000, 0x0000, 0x0000, 0x0000, 0x0000,
    0x0000, 0xD6DC, 0xD6DC, 0xD6DC, 0xD6DC, 0xD6DC, 0xD6DC, 0xD6DC, 0xD6DC, 0xD6DC, 0xD6DC, 0xD6DC,
    0xD6DC, 0xD6DC, 0xD6DC, 0xD6DC, 0xD6DC, 0xD6DC, 0xD6DC, 0xD6DC, 0xD6DC, 0xA577, 0xA577, 0xA577,
    0xA577, 0xA577, 0xA577, 0xA577, 0xA577, 0xA577, 0x2987, 0x0882, 0x0882, 0x0882, 0x0882, 0x0882,
    0x0882, 0x0882, 0x0882, 0x0882, 0x0882, 0x0882, 0x0882, 0x0882, 0x0882, 0x0882, 0x0882, 0x0882,
    0x0882, 0x0882, 0x0882, 0x0882, 0x0882, 0x0882, 0x0882, 0x0882, 0x0882, 0x0882, 0x0882, 0x0882,
    0x0882, 0x0882, 0x2987, 0x2987, 0x2987, 0x2987, 0x0882, 0x0882, 0x0882, 0x0882, 0x0882, 0x0882,
    0x0882, 0x0882, 0x0882, 0x0882, 0x0882, 0x0882, 0x0882, 0x0882, 0x0882, 0x0882, 0x0882, 0x0882,
    0x0882, 0x0882, 0x0882, 0x0882, 0x0882, 0x0882, 0x0882, 0x0882, 0x0882, 0x0882, 0x0882, 0x0882,
    0x0882, 0x0882, 0x0882, 0x0882, 0x29C9, 0x29C9, 0x0882, 0x0882, 0x0882, 0x0882, 0x0882, 0x0882,
    0x0882, 0xA577, 0xA577, 0xA577, 0xA577, 0xA577, 0x0000, 0x0000, 0x0000, 0x0000, 0x0000, 0x0000,
    0x0000, 0x0000, 0x0000, 0x0000, 0x0000, 0x0000, 0x0000, 0x0000, 0x0000, 0x0000, 0x0000, 0x0000,
    0x0000, 0x0000, 0x0000, 0x0000, 0x0000, 0x0000, 0x0000, 0x0000, 0x0000, 0x0000, 0x0000, 0x0000,
    0x0000, 0x0000, 0x0000, 0x0000, 0x0000, 0x0000, 0x0000, 0x0000, 0x0000, 0x0000, 0x0000, 0x0000,
    0x0000, 0x0000, 0x0000, 0x0000, 0x0000, 0x0000, 0x0000, 0x0000, 0x0000, 0x0000, 0x0000, 0x0000,
    0x0000, 0x0000, 0x0000, 0x0000, 0x0000, 0x0000, 0x0000, 0x0000, 0x0000, 0x5B2D, 0xBE19, 0xBE19,
    0xBE19, 0xBE19, 0xBE19, 0xBE19, 0xBE19, 0xBE19, 0xBE19, 0xBE19, 0xBE19, 0xBE19, 0xBE19, 0x0000,
    0x0000, 0x0000, 0x0000, 0xD6DC, 0xD6DC, 0xD6DC, 0xD6DC, 0xD6DC, 0xD6DC, 0xD6DC, 0xD6DC, 0xD6DC,
    0xD6DC, 0xD6DC, 0xD6DC, 0xD6DC, 0xD6DC, 0xD6DC, 0xD6DC, 0xD6DC, 0xD6DC, 0xD6DC, 0xD6DC, 0xD6DC,
    0xD6DC, 0xD6DC, 0xD6DC, 0x5B2D, 0xD6DC, 0xEF7D, 0xEF7D, 0xEF7D, 0xEF7D, 0xEF7D, 0xEF7D, 0xEF7D,
    0xEF7D, 0xEF7D, 0xEF7D, 0xEF7D, 0xEF7D, 0xEF7D, 0xEF7D, 0xEF7D, 0xEF7D, 0xEF7D, 0xD6DC, 0xD6DC,
    0xA577, 0xA577, 0xA577, 0xA577, 0xA577, 0xA577, 0xA577, 0xA577, 0xA577, 0x0882, 0x0882, 0x0882,
    0x0882, 0x0882, 0x0882, 0x0882, 0x0882, 0x0882, 0x0882, 0x0882, 0x0882, 0x0882, 0x2987, 0x2987,
    0x2987, 0x2987, 0x0882, 0x0882, 0x0882, 0x0882, 0x0882, 0x0882, 0x0882, 0x0882, 0x0882, 0x0882,
    0x0882, 0x0882, 0x0882, 0x0882, 0x0882, 0x0882, 0x0882, 0x0882, 0x0882, 0x0882, 0x0882, 0x0882,
    0x0882, 0x0882, 0x0882, 0x0882, 0x0882, 0x0882, 0x0882, 0x0882, 0x0882, 0x0882, 0x0882, 0x0882,
    0x0882, 0x29C9, 0x29C9, 0x0882, 0x0882, 0x0882, 0x0882, 0x0882, 0x0882, 0x0882, 0x0882, 0xA577,
    0xA577, 0xEF9E, 0xEF9E, 0xEF9E, 0xEF9E, 0x0000, 0x0000, 0x0000, 0x0000, 0x0000, 0x0000, 0x0000,
    0x0000, 0x0000, 0x0000, 0x0000, 0x0000, 0x0000, 0x0000, 0x0000, 0x0000, 0x0000, 0x0000, 0x0000,
    0x0000, 0x0000, 0x0000, 0x0000, 0x0000, 0x0000, 0x0000, 0x0000, 0x0000, 0x0000, 0x0000, 0x0000,
    0x0000, 0x0000, 0x0000, 0x0000, 0x0000, 0x0000, 0x0000, 0x0000, 0x0000, 0x0000, 0x0000, 0x0000,
    0x0000, 0x0000, 0x0000, 0x0000, 0x0000, 0x0000, 0x0000, 0x0000, 0x0000, 0x0000, 0x0000, 0x0000,
    0x0000, 0x0000, 0x0000, 0x0000, 0x0000, 0x0000, 0x7C31, 0x7C31, 0x7C31, 0x7C31, 0x7C31, 0x7C31,
    0x7C31, 0x7C31, 0x7C31, 0x7C31, 0x7C31, 0x7C31, 0x7C31, 0xD6DC, 0xD6DC, 0xD6DC, 0xD6DC, 0xD6DC,
    0xD6DC, 0xD6DC, 0xD6DC, 0xD6DC, 0xD6DC, 0xD6DC, 0xD6DC, 0xD6DC, 0xD6DC, 0xD6DC, 0xD6DC, 0xD6DC,
    0xD6DC, 0xD6DC, 0xD6DC, 0xD6DC, 0xD6DC, 0xD6DC, 0xD6DC, 0xD6DC, 0xD6DC, 0xD6DC, 0xD6DC, 0x5B2D,
    0xD6DC, 0xD6DC, 0xD6DC, 0xD6DC, 0xD6DC, 0xD6DC, 0xD6DC, 0xD6DC, 0xD6DC, 0xD6DC, 0xD6DC, 0xD6DC,
    0xD6DC, 0xD6DC, 0xD6DC, 0xD6DC, 0xD6DC, 0xD6DC, 0xEF7D, 0xEF7D, 0xEF7D, 0xEF7D, 0xEF7D, 0xEF7D,
    0xEF7D, 0xEF7D, 0xEF7D, 0xEF7D, 0xEF7D, 0xEF7D, 0xEF7D, 0xEF7D, 0xEF7D, 0xEF7D, 0xEF7D, 0xEF7D,
    0xEF7D, 0xD6DC, 0xD6DC, 0xA577, 0xA577, 0xA577, 0x2987, 0x2987, 0x2987, 0x2987, 0xA577, 0xA577,
    0x0882, 0x0882, 0x0882, 0x0882, 0x0882, 0x0882, 0x0882, 0x0882, 0x0882, 0x0882, 0x0882, 0x0882,
    0x0882, 0x0882, 0x0882, 0x0882, 0x0882, 0x0882, 0x0882, 0x0882, 0x0882, 0x0882, 0x0882, 0x0882,
    0x0882, 0x0882, 0x0882, 0x0882, 0x0882, 0x0882, 0x0882, 0x0882, 0x0882, 0x0882, 0x29C9, 0x29C9,
    0x0882, 0x0882, 0x0882, 0x0882, 0x0882, 0x0882, 0x0882, 0xEF9E, 0xEF9E, 0xEF9E, 0xEF9E, 0xEF9E,
    0xEF9E, 0xEF9E, 0xEF9E, 0x0000, 0x0000, 0x0000, 0x0000, 0x0000, 0x0000, 0x0000, 0x0000, 0x0000,
    0x0000, 0x0000, 0x0000, 0x0000, 0x0000, 0x0000, 0x0000, 0x0000, 0x0000, 0x0000, 0x0000, 0x0000,
    0x0000, 0x0000, 0x0000, 0x0000, 0x0000, 0x0000, 0x0000, 0x0000, 0x0000, 0x0000, 0x0000, 0x0000,
    0x0000, 0x0000, 0x0000, 0x0000, 0x0000, 0x0000, 0x0000, 0x0000, 0x0000, 0x0000, 0x0000, 0x0000,
    0x0000, 0x0000, 0x0000, 0x0000, 0x0000, 0x0000, 0x0000, 0x0000, 0x0000, 0x0000, 0x0000, 0x0000,
    0x0000, 0x0000, 0x5B2D, 0x5B2D, 0x5B2D, 0x5B2D, 0x5B2D, 0x5B2D, 0x5B2D, 0x5B2D, 0x5B2D, 0x5B2D,
    0x5B2D, 0x5B2D, 0x5B2D, 0xD6DC, 0xD6DC, 0xD6DC, 0xD6DC, 0xD6DC, 0xD6DC, 0xD6DC, 0xD6DC, 0xD6DC,
    0xD6DC, 0xD6DC, 0xD6DC, 0xD6DC, 0xD6DC, 0xD6DC, 0xD6DC, 0xD6DC, 0xD6DC, 0xD6DC, 0xD6DC, 0xD6DC,
    0xD6DC, 0xD6DC, 0xD6DC, 0xD6DC, 0xD6DC, 0xD6DC, 0xD6DC, 0x5B2D, 0xD6DC, 0xD6DC, 0xD6DC, 0xD6DC,
    0xD6DC, 0xD6DC, 0xD6DC, 0xD6DC, 0xD6DC, 0xD6DC, 0xD6DC, 0xD6DC, 0xD6DC, 0xD6DC, 0xD6DC, 0xD6DC,
    0xD6DC, 0xD6DC, 0xD6DC, 0xD6DC, 0xD6DC, 0xD6DC, 0xD6DC, 0xD6DC, 0xD6DC, 0xD6DC, 0xD6DC, 0xD6DC,
    0xD6DC, 0xD6DC, 0xD6DC, 0xD6DC, 0xD6DC, 0xD6DC, 0xD6DC, 0xD6DC, 0xD6DC, 0xEF7D, 0xEF7D, 0xEF7D,
    0xEF7D, 0xEF7D, 0xEF7D, 0xEF7D, 0x5B2D, 0xEF7D, 0xEF7D, 0xEF7D, 0xEF7D, 0xEF7D, 0xEF7D, 0xEF7D,
    0xEF7D, 0xEF7D, 0xEF7D, 0xEF7D, 0xD6DC, 0xD6DC, 0xA577, 0xA577, 0xA577, 0xA577, 0xA577, 0xA577,
    0xA577, 0xA577, 0xA577, 0xA577, 0x0882, 0x0882, 0x0882, 0x0882, 0x0882, 0x0882, 0x0882, 0x0882,
    0x0882, 0x0882, 0x0882, 0x0882, 0x0882, 0x0882, 0x0882, 0x0882, 0x0882, 0x0882, 0x0882, 0x0882,
    0x0882, 0x0882, 0x0882, 0xBE19, 0xBE19, 0xBE19, 0xBE19, 0xBE19, 0xBE19, 0xBE19, 0xBE19, 0x0000,
    0x0000, 0x0000, 0x0000, 0x0000, 0x0000, 0x0000, 0x0000, 0x0000, 0x0000, 0x0000, 0x0000, 0x0000,
    0x0000, 0x0000, 0x0000, 0x0000, 0x0000, 0x0000, 0x0000, 0x0000, 0x0000, 0x0000, 0x0000, 0x0000,
    0x0000, 0x0000, 0x0000, 0x0000, 0x0000, 0x0000, 0x0000, 0x0000, 0x0000, 0x0000, 0x0000, 0x0000,
    0x0000, 0x0000, 0x0000, 0x0000, 0x0000, 0x0000, 0x0000, 0x0000, 0x0000, 0x0000, 0x0000, 0x0000,
    0x0000, 0x0000, 0x0000, 0x0000, 0x0000, 0x0000, 0x0000, 0x0000, 0x0000, 0x0000, 0xD6DC, 0xD6DC,
    0xD6DC, 0xD6DC, 0xD6DC, 0xD6DC, 0xD6DC, 0xD6DC, 0xD6DC, 0xD6DC, 0xD6DC, 0xD6DC, 0xD6DC, 0xD6DC,
    0xD6DC, 0xD6DC, 0xD6DC, 0xD6DC, 0xD6DC, 0xD6DC, 0xD6DC, 0xD6DC, 0xD6DC, 0xD6DC, 0xD6DC, 0xD6DC,
    0xD6DC, 0xD6DC, 0xD6DC, 0xD6DC, 0x7C31, 0x7C31, 0x7C31, 0x7C31, 0x7C31, 0x7C31, 0x7C31, 0xD6DC,
    0xD6DC, 0xD6DC, 0xD6DC, 0x5B2D, 0xD6DC, 0xD6DC, 0xD6DC, 0xD6DC, 0xD6DC, 0xD6DC, 0xD6DC, 0xD6DC,
    0xD6DC, 0xD6DC, 0xD6DC, 0xD6DC, 0xD6DC, 0xD6DC, 0xD6DC, 0xD6DC, 0xD6DC, 0xD6DC, 0xD6DC, 0xD6DC,
    0xD6DC, 0xD6DC, 0xD6DC, 0xD6DC, 0xD6DC, 0xD6DC, 0xD6DC, 0xD6DC, 0xD6DC, 0xD6DC, 0xD6DC, 0xD6DC,
    0xD6DC, 0xD6DC, 0xD6DC, 0xD6DC, 0xD6DC, 0xD6DC, 0xD6DC, 0xD6DC, 0xD6DC, 0xD6DC, 0xD6DC, 0xD6DC,
    0x5B2D, 0xD6DC, 0xD6DC, 0xD6DC, 0xD6DC, 0xD6DC, 0xD6DC, 0xD6DC, 0xD6DC, 0xD6DC, 0xD6DC, 0xD6DC,
    0xEF7D, 0xEF7D, 0xEF7D, 0xEF7D, 0xEF7D, 0xEF7D, 0xEF7D, 0xEF7D, 0xEF7D, 0xEF7D, 0xEF7D, 0xEF7D,
    0xEF7D, 0xEF7D, 0xEF7D, 0xEF7D, 0xEF7D, 0xEF7D, 0xEF7D, 0xD6DC, 0xD6DC, 0xA577, 0xA577, 0xA577,
    0xA577, 0xA577, 0xA577, 0xA577, 0xA577, 0xA577, 0xA577, 0x0882, 0x0882, 0x0882, 0x0882, 0xBE19,
    0xBE19, 0xBE19, 0xBE19, 0xBE19, 0xBE19, 0x2987, 0xBE19, 0xA577, 0x0000, 0x0000, 0x0000, 0xA577,
    0xA577, 0xA577, 0xA577, 0xA577, 0xA577, 0xA577, 0xA577, 0xA577, 0xA577, 0xA577, 0xA577, 0xA577,
    0xA577, 0xA577, 0xA577, 0x0000, 0x0000, 0x0000, 0x0000, 0x0000, 0x0000, 0x0000, 0x0000, 0x0000,
    0x0000, 0x0000, 0x0000, 0x0000, 0x0000, 0x0000, 0x0000, 0x0000, 0x0000, 0x0000, 0x0000, 0x0000,
    0x0000, 0x0000, 0x0000, 0x0000, 0x0000, 0x0000, 0x0000, 0x0000, 0x0000, 0x0000, 0x0000, 0x0000,
    0x0000, 0x0000, 0x0000, 0x0000, 0x0000, 0x0000, 0xD6DC, 0xD6DC, 0xD6DC, 0xD6DC, 0xD6DC, 0xD6DC,
    0xD6DC, 0xD6DC, 0xD6DC, 0xD6DC, 0xD6DC, 0xD6DC, 0xD6DC, 0xD6DC, 0xD6DC, 0xD6DC, 0xD6DC, 0xD6DC,
    0xD6DC, 0xD6DC, 0xD6DC, 0xD6DC, 0xD6DC, 0xD6DC, 0xD6DC, 0xD6DC, 0xD6DC, 0xD6DC, 0xD6DC, 0xD6DC,
    0x7C31, 0xD6DC, 0xD6DC, 0xD6DC, 0xD6DC, 0xD6DC, 0x7C31, 0xD6DC, 0xD6DC, 0xD6DC, 0xD6DC, 0x5B2D,
    0xD6DC, 0xD6DC, 0xD6DC, 0xD6DC, 0xD6DC, 0xD6DC, 0xD6DC, 0xD6DC, 0xD6DC, 0xD6DC, 0xD6DC, 0xD6DC,
    0xD6DC, 0xD6DC, 0xD6DC, 0xD6DC, 0xD6DC, 0xD6DC, 0xD6DC, 0xD6DC, 0xD6DC, 0xD6DC, 0xD6DC, 0xD6DC,
    0xD6DC, 0xD6DC, 0xD6DC, 0xD6DC, 0xD6DC, 0xD6DC, 0xD6DC, 0xD6DC, 0xD6DC, 0xD6DC, 0xD6DC, 0xD6DC,
    0xD6DC, 0xD6DC, 0xD6DC, 0xD6DC, 0xD6DC, 0xD6DC, 0xD6DC, 0xD6DC, 0x5B2D, 0xD6DC, 0xD6DC, 0xD6DC,
    0xD6DC, 0xD6DC, 0xD6DC, 0xD6DC, 0xD6DC, 0xD6DC, 0xD6DC, 0xD6DC, 0xD6DC, 0xD6DC, 0xD6DC, 0xD6DC,
    0xD6DC, 0xD6DC, 0xD6DC, 0xD6DC, 0xD6DC, 0xD6DC, 0xD6DC, 0xD6DC, 0xD6DC, 0xD6DC, 0xD6DC, 0xD6DC,
    0xD6DC, 0xD6DC, 0xD6DC, 0xEF7D, 0xEF7D, 0xEF7D, 0xEF7D, 0xEF7D, 0xEF7D, 0xEF7D, 0xEF7D, 0xEF7D,
    0xEF7D, 0xEF7D, 0xEF7D, 0xEF7D, 0xEF7D, 0xEF7D, 0xEF7D, 0xBE19, 0xBE19, 0xBE19, 0xBE19, 0xBE19,
    0xBE19, 0x2987, 0xBE19, 0xA577, 0xA577, 0xA577, 0xA577, 0xA577, 0xA577, 0xA577, 0xA577, 0xA577,
    0xA577, 0xA577, 0xA577, 0xA577, 0xA577, 0xA577, 0xA577, 0xA577, 0xA577, 0xA577, 0xA577, 0xA577,
    0xA577, 0xA577, 0xA577, 0xA577, 0xA577, 0xA577, 0xA577, 0xA577, 0xA577, 0xA577, 0xA577, 0xA577,
    0x0000, 0x0000, 0x0000, 0x0000, 0x0000, 0x0000, 0x0000, 0x0000, 0x0000, 0x0000, 0x0000, 0x0000,
    0x0000, 0x0000, 0x0000, 0x0000, 0x0000, 0x0000, 0x0000, 0x0000, 0x0000, 0x0000, 0x0000, 0x0000,
    0x0000, 0xD6DC, 0xD6DC, 0xD6DC, 0xD6DC, 0xD6DC, 0xD6DC, 0xD6DC, 0xD6DC, 0xD6DC, 0xD6DC, 0xD6DC,
    0xD6DC, 0xD6DC, 0xD6DC, 0xD6DC, 0xD6DC, 0xD6DC, 0xD6DC, 0xD6DC, 0xD6DC, 0xD6DC, 0xD6DC, 0xD6DC,
    0xD6DC, 0xD6DC, 0xD6DC, 0xD6DC, 0xD6DC, 0xD6DC, 0xD6DC, 0xD6DC, 0x7C31, 0xD6DC, 0xD6DC, 0xD6DC,
    0xD6DC, 0xD6DC, 0x7C31, 0xD6DC, 0xD6DC, 0xD6DC, 0xD6DC, 0x5B2D, 0xD6DC, 0xD6DC, 0xD6DC, 0xD6DC,
    0xD6DC, 0xD6DC, 0xD6DC, 0xD6DC, 0xD6DC, 0xD6DC, 0xD6DC, 0xD6DC, 0xD6DC, 0xD6DC, 0xD6DC, 0xD6DC,
    0xD6DC, 0xD6DC, 0xD6DC, 0xD6DC, 0xD6DC, 0xD6DC, 0xD6DC, 0xD6DC, 0xD6DC, 0xD6DC, 0xD6DC, 0xD6DC,
    0xD6DC, 0xD6DC, 0xD6DC, 0xD6DC, 0xD6DC, 0xD6DC, 0xD6DC, 0xD6DC, 0xD6DC, 0xD6DC, 0xD6DC, 0xD6DC,
    0xD6DC, 0xD6DC, 0xD6DC, 0xD6DC, 0x5B2D, 0xD6DC, 0xD6DC, 0xD6DC, 0xD6DC, 0xD6DC, 0xD6DC, 0xD6DC,
    0xD6DC, 0xD6DC, 0xD6DC, 0xD6DC, 0xD6DC, 0xD6DC, 0xD6DC, 0xD6DC, 0xD6DC, 0xD6DC, 0xD6DC, 0xD6DC,
    0xD6DC, 0xD6DC, 0xD6DC, 0xD6DC, 0xD6DC, 0xD6DC, 0xD6DC, 0xD6DC, 0xD6DC, 0xD6DC, 0xD6DC, 0xD6DC,
    0xD6DC, 0xD6DC, 0xD6DC, 0xD6DC, 0xD6DC, 0xD6DC, 0xD6DC, 0xD6DC, 0xD6DC, 0xD6DC, 0xD6DC, 0xD6DC,
    0xD6DC, 0xD6DC, 0xD6DC, 0xBE19, 0xFD86, 0xFD86, 0xFD86, 0xFD86, 0xFD86, 0x2987, 0xBE19, 0xD6DC,
    0xD6DC, 0xD6DC, 0x94F5, 0x94F5, 0xD6DC, 0xD6DC, 0xD6DC, 0xD6DC, 0xD6DC, 0xD6DC, 0xD6DC, 0xD6DC,
    0xD6DC, 0xD6DC, 0xA577, 0xA577, 0xA577, 0xA577, 0xA577, 0xA577, 0xA577, 0xA577, 0xA577, 0xA577,
    0xA577, 0xA577, 0xA577, 0xA577, 0xA577, 0xA577, 0xA577, 0xA577, 0xA577, 0xA577, 0xA577, 0xA577,
    0xA577, 0x0000, 0x0000, 0x0000, 0x0000, 0x0000, 0x0000, 0x0000, 0x0000, 0x0000, 0x0000, 0x0000,
    0x0000, 0x0000, 0x0000, 0x0000, 0x0000, 0x0000, 0x0000, 0x0000, 0x0000, 0xD6DC, 0xFA8A, 0xFA8A,
    0xFA8A, 0xFA8A, 0xFA8A, 0xD6DC, 0xD6DC, 0xD6DC, 0xD6DC, 0xD6DC, 0xD6DC, 0xD6DC, 0xD6DC, 0xD6DC,
    0xD6DC, 0xD6DC, 0xD6DC, 0xD6DC, 0xD6DC, 0xD6DC, 0xD6DC, 0xD6DC, 0xD6DC, 0xD6DC, 0xD6DC, 0xD6DC,
    0xD6DC, 0xD6DC, 0xD6DC, 0xD6DC, 0x7C31, 0xD6DC, 0xD6DC, 0xD6DC, 0xD6DC, 0xD6DC, 0x7C31, 0xD6DC,
    0xD6DC, 0xD6DC, 0xD6DC, 0x5B2D, 0xD6DC, 0xD6DC, 0xD6DC, 0xD6DC, 0xD6DC, 0xD6DC, 0xD6DC, 0xD6DC,
    0xD6DC, 0xD6DC, 0xD6DC, 0xD6DC, 0xD6DC, 0xD6DC, 0xD6DC, 0xD6DC, 0xD6DC, 0xD6DC, 0xD6DC, 0xD6DC,
    0xD6DC, 0xD6DC, 0xD6DC, 0xD6DC, 0xD6DC, 0xD6DC, 0xD6DC, 0xD6DC, 0xD6DC, 0xD6DC, 0xD6DC, 0xD6DC,
    0xD6DC, 0xD6DC, 0xD6DC, 0xD6DC, 0xD6DC, 0xD6DC, 0xD6DC, 0xD6DC, 0xD6DC, 0xD6DC, 0xD6DC, 0xD6DC,
    0x5B2D, 0xD6DC, 0xD6DC, 0xD6DC, 0xD6DC, 0xD6DC, 0xD6DC, 0xD6DC, 0xD6DC, 0xD6DC, 0xD6DC, 0xD6DC,
    0xD6DC, 0xD6DC, 0xD6DC, 0xD6DC, 0xD6DC, 0xD6DC, 0xD6DC, 0xD6DC, 0xD6DC, 0xD6DC, 0xD6DC, 0xD6DC,
    0xD6DC, 0xD6DC, 0xD6DC, 0xD6DC, 0xD6DC, 0xD6DC, 0xD6DC, 0xD6DC, 0xD6DC, 0xD6DC, 0xD6DC, 0xD6DC,
    0xD6DC, 0xD6DC, 0xD6DC, 0xD6DC, 0xD6DC, 0xD6DC, 0xD6DC, 0xD6DC, 0xD6DC, 0xD6DC, 0xD6DC, 0xD6DC,
    0xD6DC, 0xD6DC, 0xD6DC, 0xD6DC, 0xD6DC, 0x2987, 0xD6DC, 0xD6DC, 0xD6DC, 0xD6DC, 0xD6DC, 0xD6DC,
    0x94F5, 0x94F5, 0x94F5, 0x94F5, 0x94F5, 0x94F5, 0x94F5, 0x94F5, 0x94F5, 0x94F5, 0x94F5, 0x94F5,
    0x94F5, 0x94F5, 0x94F5, 0x94F5, 0x94F5, 0x94F5, 0x94F5, 0xD6DC, 0xD6DC, 0xD6DC, 0xD6DC, 0xD6DC,
    0xD6DC, 0xD6DC, 0xD6DC, 0xD6DC, 0xD6DC, 0xA577, 0xA577, 0xA577, 0xA577, 0xA577, 0xA577, 0xA577,
    0xA577, 0x0000, 0x0000, 0x0000, 0x0000, 0x0000, 0x0000, 0x0000, 0x0000, 0x0000, 0x0000, 0x0000,
    0x0000, 0x0000, 0x0000, 0x0000, 0x0000, 0xFA8A, 0xFA8A, 0xFA8A, 0xFA8A, 0xFA8A, 0xFA8A, 0xFA8A,
    0xFA8A, 0xFA8A, 0xFA8A, 0xFA8A, 0xFA8A, 0xFA8A, 0xFA8A, 0xFA8A, 0xFA8A, 0xFA8A, 0xD6DC, 0xD6DC,
    0xD6DC, 0xD6DC, 0xD6DC, 0xD6DC, 0xD6DC, 0xD6DC, 0xD6DC, 0xD6DC, 0xD6DC, 0xD6DC, 0xD6DC, 0xD6DC,
    0x7C31, 0xD6DC, 0xD6DC, 0xD6DC, 0xD6DC, 0xD6DC, 0x7C31, 0xD6DC, 0xD6DC, 0xD6DC, 0xD6DC, 0x5B2D,
    0xD6DC, 0xD6DC, 0xD6DC, 0xD6DC, 0xD6DC, 0xD6DC, 0xD6DC, 0xD6DC, 0xD6DC, 0xD6DC, 0xD6DC, 0xD6DC,
    0xD6DC, 0xD6DC, 0xD6DC, 0xD6DC, 0xD6DC, 0xD6DC, 0xD6DC, 0xD6DC, 0xD6DC, 0xD6DC, 0xD6DC, 0xD6DC,
    0xD6DC, 0xD6DC, 0xD6DC, 0xD6DC, 0xD6DC, 0xD6DC, 0xD6DC, 0xD6DC, 0xD6DC, 0xD6DC, 0xD6DC, 0xD6DC,
    0xD6DC, 0xD6DC, 0xD6DC, 0xD6DC, 0xD6DC, 0xD6DC, 0xD6DC, 0xD6DC, 0x5B2D, 0xD6DC, 0xD6DC, 0xD6DC,
    0xD6DC, 0xD6DC, 0xD6DC, 0xD6DC, 0xD6DC, 0xD6DC, 0xD6DC, 0xD6DC, 0xD6DC, 0xD6DC, 0xD6DC, 0xD6DC,
    0xD6DC, 0xD6DC, 0xD6DC, 0xD6DC, 0xD6DC, 0xD6DC, 0xD6DC, 0xD6DC, 0xD6DC, 0xD6DC, 0xD6DC, 0xD6DC,
    0xD6DC, 0xD6DC, 0xD6DC, 0xD6DC, 0xD6DC, 0xD6DC, 0xD6DC, 0xD6DC, 0xD6DC, 0xD6DC, 0xD6DC, 0xD6DC,
    0xD6DC, 0xD6DC, 0xD6DC, 0xD6DC, 0xD6DC, 0xD6DC, 0xD6DC, 0xD6DC, 0xD6DC, 0xD6DC, 0xD6DC, 0xD6DC,
    0xD6DC, 0x5B2D, 0xD6DC, 0xD6DC, 0xD6DC, 0xD6DC, 0xD6DC, 0xD6DC, 0xD6DC, 0xD6DC, 0xD6DC, 0xD6DC,
    0xD6DC, 0xD6DC, 0xD6DC, 0xD6DC, 0xD6DC, 0xD6DC, 0xD6DC, 0xD6DC, 0xD6DC, 0xD6DC, 0xD6DC, 0xD6DC,
    0xD6DC, 0xD6DC, 0xD6DC, 0x94F5, 0x94F5, 0x94F5, 0x94F5, 0x94F5, 0x94F5, 0x94F5, 0x94F5, 0x94F5,
    0xD6DC, 0xD6DC, 0xD6DC, 0xD6DC, 0xD6DC, 0xD6DC, 0xD6DC, 0xD6DC, 0xD6DC, 0xD6DC, 0xD6DC, 0x0000,
    0x0000, 0x0000, 0x0000, 0x0000, 0x0000, 0x0000, 0x0000, 0x0000, 0x0000, 0x0000, 0x0000, 0x0000,
    0xFA8A, 0xFA8A, 0xFA8A, 0xFA8A, 0xFA8A, 0xFA8A, 0xFA8A, 0xFA8A, 0xFA8A, 0xFA8A, 0xFA8A, 0xFA8A,
    0xFA8A, 0xFA8A, 0xFA8A, 0xFA8A, 0xFA8A, 0xFA8A, 0xFA8A, 0xD6DC, 0xD6DC, 0xD6DC, 0xD6DC, 0xD6DC,
    0xD6DC, 0xD6DC, 0xD6DC, 0xD6DC, 0xD6DC, 0xD6DC, 0xD6DC, 0xD6DC, 0x7C31, 0x7C31, 0x7C31, 0x7C31,
    0x7C31, 0x7C31, 0x7C31, 0xD6DC, 0xD6DC, 0xD6DC, 0xD6DC, 0x5B2D, 0xD6DC, 0xD6DC, 0xD6DC, 0xD6DC,
    0xD6DC, 0xD6DC, 0xD6DC, 0xD6DC, 0xD6DC, 0xD6DC, 0xD6DC, 0xD6DC, 0xD6DC, 0xD6DC, 0xD6DC, 0xD6DC,
    0xD6DC, 0xD6DC, 0xD6DC, 0xD6DC, 0xD6DC, 0xD6DC, 0xD6DC, 0xD6DC, 0xD6DC, 0xD6DC, 0xD6DC, 0xD6DC,
    0xD6DC, 0xD6DC, 0xD6DC, 0xD6DC, 0xD6DC, 0xD6DC, 0xD6DC, 0xD6DC, 0xD6DC, 0xD6DC, 0xD6DC, 0xD6DC,
    0xD6DC, 0xD6DC, 0xD6DC, 0xD6DC, 0x5B2D, 0xD6DC, 0xD6DC, 0xD6DC, 0xD6DC, 0xD6DC, 0xD6DC, 0xD6DC,
    0xD6DC, 0xD6DC, 0xD6DC, 0xD6DC, 0xD6DC, 0xD6DC, 0xD6DC, 0xD6DC, 0xD6DC, 0xD6DC, 0xD6DC, 0xD6DC,
    0xD6DC, 0xD6DC, 0xD6DC, 0xD6DC, 0xD6DC, 0xD6DC, 0xD6DC, 0xD6DC, 0xD6DC, 0xD6DC, 0xD6DC, 0xD6DC,
    0xD6DC, 0xD6DC, 0xD6DC, 0xD6DC, 0xD6DC, 0xD6DC, 0xD6DC, 0xD6DC, 0xD6DC, 0xD6DC, 0xD6DC, 0xD6DC,
    0xD6DC, 0xD6DC, 0xD6DC, 0xD6DC, 0xEF9E, 0xEF9E, 0xEF9E, 0xEF9E, 0xEF9E, 0x5B2D, 0xEF9E, 0xEF9E,
    0xEF9E, 0xEF9E, 0xEF9E, 0xEF9E, 0xEF9E, 0xEF9E, 0xEF9E, 0xEF9E, 0xEF9E, 0xEF9E, 0xEF9E, 0xEF9E,
    0xEF9E, 0xEF9E, 0xEF9E, 0xEF9E, 0xEF9E, 0xEF9E, 0xEF9E, 0xEF9E, 0xEF9E, 0xEF9E, 0xEF9E, 0xEF9E,
    0xEF9E, 0xEF9E, 0xEF9E, 0xEF9E, 0xEF9E, 0xEF9E, 0xEF9E, 0xEF9E, 0xEF9E, 0xEF9E, 0xEF9E, 0xEF9E,
    0xEF9E, 0xEF9E, 0xEF9E, 0xEF9E, 0xEF9E, 0xEF9E, 0xEF9E, 0xEF9E, 0xEF9E, 0x0000, 0x0000, 0x0000,
    0x0000, 0x0000, 0x0000, 0x0000, 0x0000, 0x0000, 0x0000, 0x0000, 0xB8A2, 0xB8A2, 0xB8A2, 0xB8A2,
    0xB8A2, 0xB8A2, 0xB8A2, 0xB8A2, 0xB8A2, 0xB8A2, 0xB8A2, 0xB8A2, 0xB8A2, 0xB8A2, 0xB8A2, 0xB8A2,
    0xB8A2, 0xFC10, 0xB8A2, 0xB8A2, 0xEF9E, 0xEF9E, 0xEF9E, 0xEF9E, 0xEF9E, 0xEF9E, 0xEF9E, 0xEF9E,
    0xEF9E, 0xEF9E, 0xEF9E, 0xEF9E, 0xEF9E, 0xEF9E, 0xEF9E, 0xEF9E, 0xEF9E, 0xEF9E, 0xEF9E, 0xEF9E,
    0xEF9E, 0xEF9E, 0xEF9E, 0x5B2D, 0xEF9E, 0xEF9E, 0xEF9E, 0xEF9E, 0xEF9E, 0xEF9E, 0xEF9E, 0xEF9E,
    0xEF9E, 0xEF9E, 0xEF9E, 0xEF9E, 0xEF9E, 0xEF9E, 0xEF9E, 0xEF9E, 0xEF9E, 0xEF9E, 0xEF9E, 0xEF9E,
    0xEF9E, 0xEF9E, 0xEF9E, 0xEF9E, 0xEF9E, 0xEF9E, 0xEF9E, 0xEF9E, 0xEF9E, 0xEF9E, 0xEF9E, 0xEF9E,
    0xEF9E, 0xEF9E, 0xEF9E, 0xEF9E, 0xEF9E, 0xEF9E, 0xEF9E, 0xEF9E, 0xEF9E, 0xEF9E, 0xEF9E, 0xEF9E,
    0x5B2D, 0xEF9E, 0xEF9E, 0xEF9E, 0xEF9E, 0xEF9E, 0xEF9E, 0xEF9E, 0xEF9E, 0xEF9E, 0xEF9E, 0xEF9E,
    0xEF9E, 0xEF9E, 0xEF9E, 0xEF9E, 0xEF9E, 0xEF9E, 0xEF9E, 0xEF9E, 0xEF9E, 0xEF9E, 0xEF9E, 0xEF9E,
    0xEF9E, 0xEF9E, 0xEF9E, 0xEF9E, 0xEF9E, 0xEF9E, 0xEF9E, 0xEF9E, 0xEF9E, 0xEF9E, 0xEF9E, 0xEF9E,
    0xEF9E, 0xEF9E, 0xEF9E, 0xEF9E, 0xEF9E, 0xEF9E, 0xEF9E, 0xEF9E, 0xEF9E, 0xEF9E, 0xEF9E, 0xEF9E,
    0xEF9E, 0xEF9E, 0xEF9E, 0xEF9E, 0xEF9E, 0x5B2D, 0xEF9E, 0xEF9E, 0xEF9E, 0xEF9E, 0xEF9E, 0xEF9E,
    0xEF9E, 0xEF9E, 0xEF9E, 0xEF9E, 0xEF9E, 0xEF9E, 0xEF9E, 0xEF9E, 0xEF9E, 0xEF9E, 0xEF9E, 0xEF9E,
    0xEF9E, 0xEF9E, 0xEF9E, 0xEF9E, 0xEF9E, 0x2987, 0x2987, 0xEF9E, 0xEF9E, 0xEF9E, 0xEF9E, 0xEF9E,
    0xEF9E, 0xEF9E, 0xEF9E, 0xEF9E, 0xEF9E, 0xEF9E, 0xEF9E, 0xEF9E, 0xEF9E, 0xEF9E, 0xEF9E, 0xEF9E,
    0xEF9E, 0xEF9E, 0xEF9E, 0xEF9E, 0xEF9E, 0xEF9E, 0xEF9E, 0x0000, 0x0000, 0x0000, 0x0000, 0x0000,
    0x0000, 0x0000, 0x0000, 0x0000, 0xB8A2, 0xB8A2, 0xFC10, 0xFC10, 0xFC10, 0xFC10, 0xFC10, 0xFC10,
    0xFC10, 0xFC10, 0xFC10, 0xFC10, 0xFC10, 0xFC10, 0xFC10, 0xFC10, 0xFC10, 0xB8A2, 0xFC10, 0xB8A2,
    0xEF9E, 0xEF9E, 0xEF9E, 0xEF9E, 0xEF9E, 0xEF9E, 0xEF9E, 0xEF9E, 0xEF9E, 0xEF9E, 0xEF9E, 0xEF9E,
    0xEF9E, 0xEF9E, 0xEF9E, 0xEF9E, 0xEF9E, 0xEF9E, 0xEF9E, 0xEF9E, 0xEF9E, 0xEF9E, 0xEF9E, 0x5B2D,
    0xEF9E, 0xEF9E, 0xEF9E, 0xEF9E, 0xEF9E, 0xEF9E, 0xEF9E, 0xEF9E, 0xEF9E, 0xEF9E, 0xEF9E, 0xEF9E,
    0xEF9E, 0xEF9E, 0xEF9E, 0xEF9E, 0xEF9E, 0xEF9E, 0xEF9E, 0xEF9E, 0xEF9E, 0xEF9E, 0xEF9E, 0xEF9E,
    0xEF9E, 0xEF9E, 0xEF9E, 0xEF9E, 0xEF9E, 0xEF9E, 0xEF9E, 0xEF9E, 0xEF9E, 0xEF9E, 0xEF9E, 0xEF9E,
    0xEF9E, 0xEF9E, 0xEF9E, 0xEF9E, 0xEF9E, 0xEF9E, 0xEF9E, 0xEF9E, 0x5B2D, 0xEF9E, 0xEF9E, 0xEF9E,
    0xEF9E, 0xEF9E, 0xEF9E, 0xEF9E, 0xEF9E, 0xEF9E, 0xEF9E, 0xEF9E, 0xEF9E, 0xEF9E, 0xEF9E, 0xEF9E,
    0xEF9E, 0xEF9E, 0xEF9E, 0xEF9E, 0xEF9E, 0xEF9E, 0xEF9E, 0xEF9E, 0xEF9E, 0xEF9E, 0xEF9E, 0xEF9E,
    0xEF9E, 0xEF9E, 0xEF9E, 0xEF9E, 0xEF9E, 0xEF9E, 0xEF9E, 0xEF9E, 0xEF9E, 0xEF9E, 0xEF9E, 0xEF9E,
    0xEF9E, 0xEF9E, 0xEF9E, 0xEF9E, 0xEF9E, 0xEF9E, 0xEF9E, 0xEF9E, 0x7C31, 0x7C31, 0x7C31, 0x7C31,
    0x7C31, 0x5B2D, 0x7C31, 0x7C31, 0x7C31, 0x7C31, 0x7C31, 0x7C31, 0x7C31, 0x7C31, 0x7C31, 0x7C31,
    0x7C31, 0x7C31, 0x7C31, 0x7C31, 0x7C31, 0x7C31, 0x7C31, 0x7C31, 0x7C31, 0x7C31, 0x7C31, 0x7C31,
    0x7C31, 0x7C31, 0xFFFF, 0xFFFF, 0xFFFF, 0xFFFF, 0x2987, 0x2987, 0x2987, 0x2987, 0x2987, 0x2987,
    0x2987, 0x7C31, 0x7C31, 0x7C31, 0x7C31, 0x7C31, 0x7C31, 0x7C31, 0x7C31, 0x7C31, 0x7C31, 0x7C31,
    0x7C31, 0x7C31, 0x7C31, 0x7C31, 0x7C31, 0x0000, 0x0000, 0x0000, 0x0000, 0x0000, 0x0000, 0x0000,
    0x7C31, 0xB8A2, 0xB8A2, 0xB8A2, 0xB8A2, 0xB8A2, 0xB8A2, 0xB8A2, 0xB8A2, 0xB8A2, 0xB8A2, 0xB8A2,
    0xB8A2, 0xB8A2, 0xB8A2, 0xB8A2, 0xB8A2, 0xB8A2, 0xB8A2, 0x7C31, 0x7C31, 0x7C31, 0x7C31, 0x7C31,
    0x7C31, 0x7C31, 0x7C31, 0x7C31, 0x7C31, 0x7C31, 0x7C31, 0x7C31, 0x7C31, 0x7C31, 0x7C31, 0x7C31,
    0x7C31, 0x7C31, 0x7C31, 0x7C31, 0x7C31, 0x7C31, 0x7C31, 0x5B2D, 0x7C31, 0x7C31, 0x7C31, 0x7C31,
    0x7C31, 0x7C31, 0x7C31, 0x7C31, 0x7C31, 0x7C31, 0x7C31, 0x7C31, 0x7C31, 0x7C31, 0x7C31, 0x7C31,
    0x7C31, 0x7C31, 0x7C31, 0x7C31, 0x7C31, 0x7C31, 0x7C31, 0x7C31, 0x7C31, 0x7C31, 0x7C31, 0x7C31,
    0x7C31, 0x7C31, 0x7C31, 0x7C31, 0x7C31, 0x7C31, 0x7C31, 0x7C31, 0x7C31, 0x7C31, 0x7C31, 0x7C31,
    0x7C31, 0x7C31, 0x7C31, 0x7C31, 0x5B2D, 0x7C31, 0x7C31, 0x7C31, 0x7C31, 0x7C31, 0x7C31, 0x7C31,
    0x7C31, 0x7C31, 0x7C31, 0x7C31, 0x7C31, 0x7C31, 0x7C31, 0x7C31, 0x7C31, 0x7C31, 0x7C31, 0x7C31,
    0x7C31, 0x7C31, 0x7C31, 0x7C31, 0x7C31, 0x7C31, 0x7C31, 0x7C31, 0x7C31, 0x7C31, 0x7C31, 0x7C31,
    0x7C31, 0x7C31, 0x7C31, 0x7C31, 0x7C31, 0x7C31, 0x7C31, 0x7C31, 0x7C31, 0x7C31, 0x7C31, 0x7C31,
    0x7C31, 0x7C31, 0x7C31, 0x7C31, 0x7C31, 0x7C31, 0x7C31, 0x7C31, 0x7C31, 0x5B2D, 0x7C31, 0x7C31,
    0x7C31, 0x7C31, 0x7C31, 0x7C31, 0x7C31, 0x7C31, 0x7C31, 0x7C31, 0x7C31, 0x7C31, 0x7C31, 0x7C31,
    0x7C31, 0x7C31, 0x7C31, 0x7C31, 0x7C31, 0x7C31, 0x7C31, 0x7C31, 0x7C31, 0x7C31, 0x7C31, 0x7C31,
    0x7C31, 0x2987, 0xFFFF, 0xFFFF, 0xFFFF, 0xFFFF, 0xFFFF, 0xFFFF, 0xFFFF, 0xFFFF, 0x2987, 0x2987,
    0x2987, 0x2987, 0x2987, 0x2987, 0x2987, 0x2987, 0x7C31, 0x7C31, 0x7C31, 0x7C31, 0x7C31, 0x7C31,
    0x7C31, 0x7C31, 0x0000, 0x0000, 0x0000, 0x0000, 0x0000, 0x0000, 0x7C31, 0xB8A2, 0xB8A2, 0xB8A2,
    0xB8A2, 0xB8A2, 0xB8A2, 0xB8A2, 0xB8A2, 0xB8A2, 0xB8A2, 0xB8A2, 0xB8A2, 0xB8A2, 0xB8A2, 0xB8A2,
    0xB8A2, 0xB8A2, 0x7C31, 0x7C31, 0x7C31, 0x7C31, 0x7C31, 0x7C31, 0x7C31, 0x7C31, 0x7C31, 0x7C31,
    0x7C31, 0x7C31, 0x7C31, 0x7C31, 0x7C31, 0x7C31, 0x7C31, 0x7C31, 0x7C31, 0x7C31, 0x7C31, 0x7C31,
    0x7C31, 0x7C31, 0x7C31, 0x5B2D, 0x7C31, 0x7C31, 0x7C31, 0x7C31, 0x7C31, 0x7C31, 0x7C31, 0x7C31,
    0x7C31, 0x7C31, 0x7C31, 0x7C31, 0x7C31, 0x7C31, 0x7C31, 0x7C31, 0x7C31, 0x7C31, 0x7C31, 0x7C31,
    0x7C31, 0x7C31, 0x7C31, 0x7C31, 0x7C31, 0x7C31, 0x7C31, 0x7C31, 0x7C31, 0x7C31, 0x7C31, 0x7C31,
    0x7C31, 0x7C31, 0x7C31, 0x7C31, 0x7C31, 0x7C31, 0x7C31, 0x7C31, 0x7C31, 0x7C31, 0x7C31, 0x7C31,
    0x5B2D, 0x7C31, 0x7C31, 0x7C31, 0x7C31, 0x7C31, 0x7C31, 0x7C31, 0x7C31, 0x7C31, 0x7C31, 0x7C31,
    0x7C31, 0x7C31, 0x7C31, 0x7C31, 0x7C31, 0x7C31, 0x7C31, 0x7C31, 0x7C31, 0x7C31, 0x7C31, 0x7C31,
    0x7C31, 0x7C31, 0x7C31, 0x7C31, 0x7C31, 0x7C31, 0x7C31, 0x7C31, 0x7C31, 0x7C31, 0x7C31, 0x7C31,
    0x7C31, 0x7C31, 0x7C31, 0x7C31, 0x7C31, 0x7C31, 0x7C31, 0x7C31, 0x7C31, 0x7C31, 0x7C31, 0x7C31,
    0xBE19, 0xBE19, 0xBE19, 0xBE19, 0xBE19, 0x5B2D, 0xBE19, 0xBE19, 0xBE19, 0xBE19, 0xBE19, 0xBE19,
    0xBE19, 0xBE19, 0xBE19, 0xBE19, 0xBE19, 0xBE19, 0xBE19, 0xBE19, 0xBE19, 0xBE19, 0xBE19, 0xBE19,
    0xBE19, 0xBE19, 0xBE19, 0xBE19, 0xBE19, 0xBE19, 0xBE19, 0xBE19, 0xBE19, 0xBE19, 0xBE19, 0xBE19,
    0x2987, 0x2987, 0x2987, 0x2987, 0x2987, 0x2987, 0xFFFF, 0xFFFF, 0xFFFF, 0xFFFF, 0xFFFF, 0xFFFF,
    0xFFFF, 0x2987, 0x2987, 0x2987, 0x2987, 0x2987, 0x2987, 0xBE19, 0xBE19, 0xBE19, 0xBE19, 0x0000,
    0x0000, 0x0000, 0x0000, 0x0000, 0xBE19, 0xBE19, 0xBE19, 0xBE19, 0xBE19, 0xBE19, 0xBE19, 0xBE19,
    0xBE19, 0xBE19, 0xBE19, 0xBE19, 0xBE19, 0xBE19, 0xBE19, 0xBE19, 0xBE19, 0xBE19, 0xBE19, 0xBE19,
    0xBE19, 0xBE19, 0xBE19, 0xBE19, 0xBE19, 0xBE19, 0xBE19, 0xBE19, 0xBE19, 0xBE19, 0xBE19, 0xBE19,
    0xBE19, 0xBE19, 0xBE19, 0xBE19, 0xBE19, 0xBE19, 0xBE19, 0xBE19, 0xBE19, 0xBE19, 0xBE19, 0x5B2D,
    0xBE19, 0xBE19, 0xBE19, 0xBE19, 0xBE19, 0xBE19, 0xBE19, 0xBE19, 0xBE19, 0xBE19, 0xBE19, 0xBE19,
    0xBE19, 0xBE19, 0xBE19, 0xBE19, 0xBE19, 0xBE19, 0xBE19, 0xBE19, 0xBE19, 0xBE19, 0xBE19, 0xBE19,
    0xBE19, 0xBE19, 0xBE19, 0xBE19, 0xBE19, 0xBE19, 0xBE19, 0xBE19, 0xBE19, 0xBE19, 0xBE19, 0xBE19,
    0xBE19, 0xBE19, 0xBE19, 0xBE19, 0xBE19, 0xBE19, 0xBE19, 0xBE19, 0x5B2D, 0xBE19, 0xBE19, 0xBE19,
    0xBE19, 0xBE19, 0xBE19, 0xBE19, 0xBE19, 0xBE19, 0xBE19, 0xBE19, 0xBE19, 0xBE19, 0xBE19, 0xBE19,
    0xBE19, 0xBE19, 0xBE19, 0xBE19, 0xBE19, 0xBE19, 0xBE19, 0xBE19, 0xBE19, 0xBE19, 0xBE19, 0xBE19,
    0xBE19, 0xBE19, 0xBE19, 0xBE19, 0xBE19, 0xBE19, 0xBE19, 0xBE19, 0xBE19, 0xBE19, 0xBE19, 0xBE19,
    0xBE19, 0xBE19, 0xBE19, 0xBE19, 0xBE19, 0xBE19, 0xBE19, 0xBE19, 0xBE19, 0xBE19, 0xBE19, 0xBE19,
    0xBE19, 0x5B2D, 0xBE19, 0xBE19, 0xBE19, 0xBE19, 0xBE19, 0xBE19, 0xBE19, 0xBE19, 0xBE19, 0xBE19,
    0xBE19, 0xBE19, 0xBE19, 0xBE19, 0xBE19, 0xBE19, 0xBE19, 0xBE19, 0xBE19, 0xBE19, 0xBE19, 0xBE19,
    0xBE19, 0xBE19, 0xBE19, 0xBE19, 0xBE19, 0xBE19, 0xBE19, 0xBE19, 0xBE19, 0xBE19, 0x2987, 0x2987,
    0x2987, 0x2987, 0x2987, 0x2987, 0xEF9F, 0xEF9F, 0x2987, 0xEF9F, 0xEF9F, 0xFFFF, 0xFFFF, 0xFFFF,
    0xFFFF, 0xFFFF, 0xFFFF, 0xFFFF, 0x2987, 0x2987, 0x2987, 0x2987, 0x0000, 0x0000, 0x0000, 0x0000,
    0xBE19, 0xBE19, 0xBE19, 0xBE19, 0xBE19, 0xBE19, 0xBE19, 0xBE19, 0xBE19, 0xBE19, 0xBE19, 0xBE19,
    0xBE19, 0xBE19, 0xBE19, 0xBE19, 0xBE19, 0xBE19, 0xBE19, 0xBE19, 0xBE19, 0xBE19, 0xBE19, 0xBE19,
    0xBE19, 0xBE19, 0xBE19, 0xBE19, 0xBE19, 0xBE19, 0xBE19, 0xBE19, 0xBE19, 0xBE19, 0xBE19, 0xBE19,
    0xBE19, 0xBE19, 0xBE19, 0xBE19, 0xBE19, 0xBE19, 0xBE19, 0x5B2D, 0xBE19, 0xBE19, 0xBE19, 0xBE19,
    0xBE19, 0xBE19, 0xBE19, 0xBE19, 0xBE19, 0xBE19, 0xBE19, 0xBE19, 0xBE19, 0xBE19, 0xBE19, 0xBE19,
    0xBE19, 0xBE19, 0xBE19, 0xBE19, 0xBE19, 0xBE19, 0xBE19, 0xBE19, 0xBE19, 0xBE19, 0xBE19, 0xBE19,
    0xBE19, 0xBE19, 0xBE19, 0xBE19, 0xBE19, 0xBE19, 0xBE19, 0xBE19, 0xBE19, 0xBE19, 0xBE19, 0xBE19,
    0xBE19, 0xBE19, 0xBE19, 0xBE19, 0x5B2D, 0xBE19, 0xBE19, 0xBE19, 0xBE19, 0xBE19, 0xBE19, 0xBE19,
    0xBE19, 0xBE19, 0xBE19, 0xBE19, 0xBE19, 0xBE19, 0xBE19, 0xBE19, 0xBE19, 0xBE19, 0xBE19, 0xBE19,
    0xBE19, 0xBE19, 0xBE19, 0xBE19, 0xBE19, 0xBE19, 0xBE19, 0xBE19, 0xBE19, 0xBE19, 0xBE19, 0xBE19,
    0xBE19, 0xBE19, 0xBE19, 0xBE19, 0xBE19, 0xBE19, 0xBE19, 0xBE19, 0xBE19, 0xBE19, 0xBE19, 0xBE19,
    0xBE19, 0xBE19, 0xBE19, 0xBE19, 0xBE19, 0xBE19, 0xBE19, 0xBE19, 0xBE19, 0x5B2D, 0xBE19, 0xBE19,
    0xBE19, 0xBE19, 0xBE19, 0xBE19, 0xBE19, 0xBE19, 0xBE19, 0xBE19, 0xBE19, 0xBE19, 0xBE19, 0xBE19,
    0xBE19, 0xBE19, 0xBE19, 0xBE19, 0xBE19, 0xBE19, 0xBE19, 0xBE19, 0xBE19, 0xBE19, 0xBE19, 0xBE19,
    0xBE19, 0xBE19, 0xBE19, 0xBE19, 0xBE19, 0xBE19, 0xBE19, 0xBE19, 0x2987, 0x2987, 0x2987, 0x2987,
    0x2987, 0x2987, 0x2987, 0x2987, 0x2987, 0x2987, 0xEF9F, 0xEF9F, 0x2987, 0xEF9F, 0xEF9F, 0x2987,
    0xFFFF, 0xFFFF, 0xFFFF, 0xFFFF, 0xFFFF, 0xFFFF, 0x0000, 0x0000, 0xBE19, 0xBE19, 0xBE19, 0xBE19,
    0xBE19, 0xBE19, 0xBE19, 0xBE19, 0xBE19, 0xBE19, 0xBE19, 0xBE19, 0xBE19, 0xBE19, 0xBE19, 0xBE19,
    0xBE19, 0xBE19, 0xBE19, 0xBE19, 0xBE19, 0xBE19, 0xBE19, 0xBE19, 0xBE19, 0xBE19, 0xBE19, 0xBE19,
    0xBE19, 0xBE19, 0xBE19, 0xBE19, 0xBE19, 0xBE19, 0xBE19, 0xBE19, 0xBE19, 0xBE19, 0xBE19, 0xBE19,
    0xBE19, 0xBE19, 0xBE19, 0x5B2D, 0xBE19, 0xBE19, 0xBE19, 0xBE19, 0xBE19, 0xBE19, 0xBE19, 0xBE19,
    0xBE19, 0xBE19, 0xBE19, 0xBE19, 0xBE19, 0xBE19, 0xBE19, 0xBE19, 0xBE19, 0xBE19, 0xBE19, 0xBE19,
    0xBE19, 0xBE19, 0xBE19, 0xBE19, 0xBE19, 0xBE19, 0xBE19, 0xBE19, 0xBE19, 0xBE19, 0xBE19, 0xBE19,
    0xBE19, 0xBE19, 0xBE19, 0xBE19, 0xBE19, 0xBE19, 0xBE19, 0xBE19, 0xBE19, 0xBE19, 0xBE19, 0xBE19,
    0x5B2D, 0xBE19, 0xBE19, 0xBE19, 0xBE19, 0xBE19, 0xBE19, 0xBE19, 0xBE19, 0xBE19, 0xBE19, 0xBE19,
    0xBE19, 0xBE19, 0xBE19, 0xBE19, 0xBE19, 0xBE19, 0xBE19, 0xBE19, 0xBE19, 0xBE19, 0xBE19, 0xBE19,
    0xBE19, 0xBE19, 0xBE19, 0xBE19, 0xBE19, 0xBE19, 0xBE19, 0xBE19, 0xBE19, 0xBE19, 0xBE19, 0xBE19,
    0xBE19, 0xBE19, 0xBE19, 0xBE19, 0xBE19, 0xBE19, 0xBE19, 0xBE19, 0xBE19, 0xBE19, 0xBE19, 0xBE19,
    0xBE19, 0xBE19, 0xBE19, 0xBE19, 0xBE19, 0x5B2D, 0xBE19, 0xBE19, 0xBE19, 0xBE19, 0xBE19, 0xBE19,
    0xBE19, 0xBE19, 0xBE19, 0xBE19, 0xBE19, 0xBE19, 0xBE19, 0xBE19, 0xBE19, 0xBE19, 0xBE19, 0xBE19,
    0xBE19, 0xBE19, 0xBE19, 0xBE19, 0xBE19, 0xBE19, 0xBE19, 0xBE19, 0xBE19, 0xBE19, 0xBE19, 0xBE19,
    0xBE19, 0xBE19, 0xBE19, 0xBE19, 0xBE19, 0xBE19, 0xBE19, 0xBE19, 0x2987, 0x2987, 0x2987, 0x2987,
    0x2987, 0x2987, 0x2987, 0x2987, 0x2987, 0x2987, 0x2987, 0x2987, 0xEF9F, 0xEF9F, 0x2987, 0xEF9F,
    0xEF9F, 0x2987, 0x0000, 0x0000, 0xBE19, 0xBE19, 0xBE19, 0xBE19, 0xBE19, 0xBE19, 0xBE19, 0xBE19,
    0xBE19, 0xBE19, 0xBE19, 0xBE19, 0xBE19, 0xBE19, 0xBE19, 0xBE19, 0xBE19, 0xBE19, 0xBE19, 0xBE19,
    0xBE19, 0xBE19, 0xBE19, 0xBE19, 0xBE19, 0xBE19, 0xBE19, 0xBE19, 0xBE19, 0xBE19, 0xBE19, 0xBE19,
    0xBE19, 0xBE19, 0xBE19, 0xBE19, 0xBE19, 0xBE19, 0xBE19, 0xBE19, 0xBE19, 0xBE19, 0xBE19, 0x5B2D,
    0xBE19, 0xBE19, 0xBE19, 0xBE19, 0xBE19, 0xBE19, 0xBE19, 0xBE19, 0xBE19, 0xBE19, 0xBE19, 0xBE19,
    0xBE19, 0xBE19, 0xBE19, 0xBE19, 0xBE19, 0xBE19, 0xBE19, 0xBE19, 0xBE19, 0xBE19, 0xBE19, 0xBE19,
    0xBE19, 0xBE19, 0xBE19, 0xBE19, 0xBE19, 0xBE19, 0xBE19, 0xBE19, 0xBE19, 0xBE19, 0xBE19, 0xBE19,
    0xBE19, 0xBE19, 0xBE19, 0xBE19, 0xBE19, 0xBE19, 0xBE19, 0xBE19, 0x5B2D, 0xBE19, 0xBE19, 0xBE19,
    0xBE19, 0xBE19, 0xBE19, 0xBE19, 0xBE19, 0xBE19, 0xBE19, 0xBE19, 0xBE19, 0xBE19, 0xBE19, 0xBE19,
    0xBE19, 0xBE19, 0xBE19, 0xBE19, 0xBE19, 0xBE19, 0xBE19, 0xBE19, 0xBE19, 0xBE19, 0xBE19, 0xBE19,
    0xBE19, 0xBE19, 0xBE19, 0xBE19, 0xBE19, 0xBE19, 0xBE19, 0xBE19, 0xBE19, 0xBE19, 0xBE19, 0xBE19,
    0xBE19, 0xBE19, 0xBE19, 0xBE19, 0xBE19, 0xBE19, 0xBE19, 0xBE19, 0xBE19, 0xBE19, 0xBE19, 0xBE19,
    0xBE19, 0x5B2D, 0xBE19, 0xBE19, 0xBE19, 0xBE19, 0xBE19, 0xBE19, 0xBE19, 0xBE19, 0xBE19, 0xBE19,
    0xBE19, 0xBE19, 0xBE19, 0xBE19, 0xBE19, 0xBE19, 0xBE19, 0xBE19, 0xBE19, 0xBE19, 0xBE19, 0xBE19,
    0xBE19, 0xBE19, 0xBE19, 0xBE19, 0xBE19, 0xBE19, 0xBE19, 0xBE19, 0xBE19, 0xBE19, 0xBE19, 0xBE19,
    0xBE19, 0xBE19, 0xBE19, 0xBE19, 0xBE19, 0xBE19, 0xBE19, 0xBE19, 0x2987, 0x2987, 0x2987, 0x2987,
    0x2987, 0x2987, 0x2987, 0x2987, 0x2987, 0x2987, 0x2987, 0x2987, 0x2987, 0x2987, 0xBE19, 0x0000,
    0xBE19, 0xBE19, 0xBE19, 0xBE19, 0xBE19, 0xBE19, 0xBE19, 0xBE19, 0xBE19, 0xBE19, 0xBE19, 0xBE19,
    0xBE19, 0xBE19, 0xBE19, 0xBE19, 0xBE19, 0xBE19, 0xBE19, 0xBE19, 0xBE19, 0xBE19, 0xBE19, 0xBE19,
    0xBE19, 0xBE19, 0xBE19, 0xBE19, 0xBE19, 0xBE19, 0xBE19, 0xBE19, 0xBE19, 0xBE19, 0xBE19, 0xBE19,
    0xBE19, 0xBE19, 0xBE19, 0xBE19, 0xBE19, 0xBE19, 0xBE19, 0x5B2D, 0xBE19, 0xBE19, 0xBE19, 0xBE19,
    0xBE19, 0xBE19, 0xBE19, 0xBE19, 0xBE19, 0xBE19, 0xBE19, 0xBE19, 0xBE19, 0xBE19, 0xBE19, 0xBE19,
    0xBE19, 0xBE19, 0xBE19, 0xBE19, 0xBE19, 0xBE19, 0xBE19, 0xBE19, 0xBE19, 0xBE19, 0xBE19, 0xBE19,
    0xBE19, 0xBE19, 0xBE19, 0xBE19, 0xBE19, 0xBE19, 0xBE19, 0xBE19, 0xBE19, 0xBE19, 0xBE19, 0xBE19,
    0xBE19, 0xBE19, 0xBE19, 0xBE19, 0x5B2D, 0xBE19, 0xBE19, 0xBE19, 0xBE19, 0xBE19, 0xBE19, 0xBE19,
    0xBE19, 0xBE19, 0xBE19, 0xBE19, 0xBE19, 0xBE19, 0xBE19, 0xBE19, 0xBE19, 0xBE19, 0xBE19, 0xBE19,
    0xBE19, 0xBE19, 0xBE19, 0xBE19, 0xBE19, 0xBE19, 0xBE19, 0xBE19, 0xBE19, 0xBE19, 0xBE19, 0xBE19,
    0xBE19, 0xBE19, 0xBE19, 0xBE19, 0xBE19, 0xBE19, 0xBE19, 0xBE19, 0xBE19, 0xBE19, 0xBE19, 0xBE19,
    0xBE19, 0xBE19, 0xBE19, 0xBE19, 0xBE19, 0xBE19, 0xBE19, 0xBE19, 0xBE19, 0x5B2D, 0xBE19, 0xBE19,
    0xBE19, 0xBE19, 0xBE19, 0xBE19, 0xBE19, 0xBE19, 0xBE19, 0xBE19, 0xBE19, 0xBE19, 0xBE19, 0xBE19,
    0xBE19, 0xBE19, 0xBE19, 0xBE19, 0xBE19, 0xBE19, 0xBE19, 0xBE19, 0xBE19, 0xBE19, 0xBE19, 0xBE19,
    0xBE19, 0xBE19, 0xBE19, 0xBE19, 0xBE19, 0xBE19, 0xBE19, 0xBE19, 0xBE19, 0xBE19, 0xBE19, 0xBE19,
    0xBE19, 0xBE19, 0xBE19, 0xBE19, 0xBE19, 0xBE19, 0xBE19, 0x2987, 0x2987, 0x2987, 0x2987, 0x2987,
    0x2987, 0x2987, 0x2987, 0x2987, 0x2987, 0x2987, 0x2987, 0x0000, 0xBE19, 0xBE19, 0xBE19, 0xBE19,
    0xBE19, 0xBE19, 0xBE19, 0xBE19, 0xBE19, 0xBE19, 0xBE19, 0xBE19, 0xBE19, 0xBE19, 0xBE19, 0xBE19,
    0xBE19, 0xBE19, 0xBE19, 0xBE19, 0xBE19, 0xBE19, 0xBE19, 0xBE19, 0xBE19, 0xBE19, 0xBE19, 0xBE19,
    0xBE19, 0xBE19, 0xBE19, 0xBE19, 0xBE19, 0xBE19, 0xBE19, 0xBE19, 0xBE19, 0xBE19, 0xBE19, 0xBE19,
    0xBE19, 0xBE19, 0xBE19, 0x5B2D, 0xBE19, 0xBE19, 0xBE19, 0xBE19, 0xBE19, 0xBE19, 0xBE19, 0xBE19,
    0xBE19, 0xBE19, 0xBE19, 0xBE19, 0xBE19, 0xBE19, 0xBE19, 0xBE19, 0xBE19, 0xBE19, 0xBE19, 0xBE19,
    0xBE19, 0xBE19, 0xBE19, 0xBE19, 0xBE19, 0xBE19, 0xBE19, 0xBE19, 0xBE19, 0xBE19, 0xBE19, 0xBE19,
    0xBE19, 0xBE19, 0xBE19, 0xBE19, 0xBE19, 0xBE19, 0xBE19, 0xBE19, 0xBE19, 0xBE19, 0xBE19, 0xBE19,
    0x5B2D, 0xBE19, 0xBE19, 0xBE19, 0xBE19, 0xBE19, 0xBE19, 0xBE19, 0xBE19, 0xBE19, 0xBE19, 0xBE19,
    0xBE19, 0xBE19, 0xBE19, 0xBE19, 0xBE19, 0xBE19, 0xBE19, 0xBE19, 0xBE19, 0xBE19, 0xBE19, 0xBE19,
    0xBE19, 0xBE19, 0xBE19, 0xBE19, 0xBE19, 0xBE19, 0xBE19, 0xBE19, 0xBE19, 0xBE19, 0xBE19, 0xBE19,
    0xBE19, 0xBE19, 0xBE19, 0xBE19, 0xBE19, 0xBE19, 0xBE19, 0xBE19, 0xBE19, 0xBE19, 0xBE19, 0xBE19,
    0xBE19, 0xBE19, 0xBE19, 0xBE19, 0xBE19, 0x5B2D, 0xBE19, 0xBE19, 0xBE19, 0xBE19, 0xBE19, 0xBE19,
    0xBE19, 0xBE19, 0xBE19, 0xBE19, 0xBE19, 0xBE19, 0xBE19, 0xBE19, 0xBE19, 0xBE19, 0xBE19, 0xBE19,
    0xBE19, 0xBE19, 0xBE19, 0xBE19, 0xBE19, 0xBE19, 0xBE19, 0xBE19, 0xBE19, 0xBE19, 0xBE19, 0xBE19,
    0xBE19, 0xBE19, 0xBE19, 0xBE19, 0xBE19, 0xBE19, 0xBE19, 0xBE19, 0xBE19, 0xBE19, 0xBE19, 0xBE19,
    0xBE19, 0xBE19, 0xBE19, 0xBE19, 0xBE19, 0xBE19, 0xBE19, 0xBE19, 0xBE19, 0xBE19, 0xBE19, 0xBE19,
    0xBE19, 0xBE19, 0xBE19, 0x0000, 0xBE19, 0xBE19, 0xBE19, 0xBE19, 0xBE19, 0xBE19, 0xBE19, 0xBE19,
    0xBE19, 0xBE19, 0xBE19, 0xBE19, 0xBE19, 0xBE19, 0xBE19, 0xBE19, 0xBE19, 0xBE19, 0xBE19, 0xBE19,
    0xBE19, 0xBE19, 0xBE19, 0xBE19, 0xBE19, 0xBE19, 0xBE19, 0xBE19, 0xBE19, 0xBE19, 0xBE19, 0xBE19,
    0xBE19, 0xBE19, 0xBE19, 0xBE19, 0xBE19, 0xBE19, 0xBE19, 0xBE19, 0xBE19, 0xBE19, 0xBE19, 0xBE19,
    0xD6DC, 0xD6DC, 0xD6DC, 0xD6DC, 0xBE19, 0xBE19, 0xBE19, 0xBE19, 0xBE19, 0xBE19, 0xBE19, 0xBE19,
    0xBE19, 0xBE19, 0xBE19, 0xBE19, 0xBE19, 0xBE19, 0xBE19, 0xBE19, 0xBE19, 0xBE19, 0xBE19, 0xBE19,
    0xBE19, 0xBE19, 0xBE19, 0xBE19, 0xBE19, 0xBE19, 0xBE19, 0xBE19, 0xBE19, 0xBE19, 0xBE19, 0xBE19,
    0xBE19, 0xBE19, 0xBE19, 0xBE19, 0xBE19, 0xBE19, 0xBE19, 0xBE19, 0x5B2D, 0xBE19, 0xBE19, 0xBE19,
    0xBE19, 0xBE19, 0xBE19, 0xBE19, 0xBE19, 0xBE19, 0xBE19, 0xBE19, 0xBE19, 0xBE19, 0xBE19, 0xBE19,
    0xBE19, 0xBE19, 0xBE19, 0xBE19, 0xBE19, 0xBE19, 0xBE19, 0xBE19, 0xBE19, 0xBE19, 0xBE19, 0xBE19,
    0xBE19, 0xBE19, 0xBE19, 0xBE19, 0xBE19, 0xBE19, 0xBE19, 0xBE19, 0xBE19, 0xBE19, 0xBE19, 0xBE19,
    0xBE19, 0xBE19, 0xBE19, 0xBE19, 0xBE19, 0xBE19, 0xBE19, 0xBE19, 0xBE19, 0xBE19, 0xBE19, 0xBE19,
    0xBE19, 0x5B2D, 0xBE19, 0xBE19, 0xBE19, 0xBE19, 0xBE19, 0xBE19, 0xBE19, 0xBE19, 0xBE19, 0xBE19,
    0xBE19, 0xBE19, 0xBE19, 0xBE19, 0xBE19, 0xBE19, 0xD6DC, 0xD6DC, 0xD6DC, 0xD6DC, 0xBE19, 0xBE19,
    0xBE19, 0xBE19, 0xBE19, 0xBE19, 0xBE19, 0xBE19, 0xBE19, 0xBE19, 0xBE19, 0xBE19, 0xBE19, 0xBE19,
    0xBE19, 0xBE19, 0xBE19, 0xBE19, 0xBE19, 0xBE19, 0xBE19, 0xBE19, 0xBE19, 0xBE19, 0xBE19, 0xBE19,
    0xBE19, 0xBE19, 0xBE19, 0xBE19, 0xBE19, 0xEF7D, 0xEF7D, 0xEF7D, 0xEF7D, 0xEF7D, 0xEF7D, 0xEF7D,
    0x94F5, 0x94F5, 0x94F5, 0x94F5, 0x94F5, 0x94F5, 0x94F5, 0x94F5, 0x94F5, 0x94F5, 0x94F5, 0xBE19,
    0xBE19, 0xBE19, 0xBE19, 0xBE19, 0xBE19, 0xBE19, 0xBE19, 0xBE19, 0xBE19, 0xBE19, 0xBE19, 0xBE19,
    0xBE19, 0xBE19, 0xBE19, 0xBE19, 0xBE19, 0xBE19, 0xBE19, 0xBE19, 0xBE19, 0xBE19, 0xBE19, 0xBE19,
    0xBE19, 0xBE19, 0xBE19, 0xBE19, 0xD6DC, 0xD6DC, 0xD6DC, 0xBE19, 0xBE19, 0x5B2D, 0xBE19, 0xBE19,
    0xBE19, 0xD6DC, 0xD6DC, 0xD6DC, 0xBE19, 0xBE19, 0xBE19, 0xBE19, 0xBE19, 0xBE19, 0xBE19, 0xBE19,
    0xBE19, 0xBE19, 0xBE19, 0xBE19, 0xBE19, 0xBE19, 0xBE19, 0xBE19, 0xBE19, 0xBE19, 0xBE19, 0xBE19,
    0xBE19, 0xBE19, 0xBE19, 0xBE19, 0xBE19, 0xBE19, 0xBE19, 0xBE19, 0xBE19, 0xBE19, 0xBE19, 0xBE19,
    0xBE19, 0xBE19, 0xBE19, 0xBE19, 0x5B2D, 0xBE19, 0xBE19, 0xBE19, 0xBE19, 0xBE19, 0xBE19, 0xBE19,
    0xBE19, 0xBE19, 0xBE19, 0xBE19, 0xBE19, 0xBE19, 0xBE19, 0xBE19, 0xBE19, 0xBE19, 0xBE19, 0xBE19,
    0xBE19, 0xBE19, 0xBE19, 0xBE19, 0xBE19, 0xBE19, 0xBE19, 0xBE19, 0xBE19, 0xBE19, 0xBE19, 0xBE19,
    0xBE19, 0xBE19, 0xBE19, 0xBE19, 0xBE19, 0xBE19, 0xBE19, 0xBE19, 0xBE19, 0xBE19, 0xBE19, 0xBE19,
    0xBE19, 0xBE19, 0xBE19, 0xBE19, 0xBE19, 0xBE19, 0xBE19, 0xBE19, 0xBE19, 0x5B2D, 0xBE19, 0xBE19,
    0xBE19, 0xBE19, 0xBE19, 0xBE19, 0xBE19, 0xBE19, 0xBE19, 0xBE19, 0xBE19, 0xBE19, 0xD6DC, 0xD6DC,
    0xD6DC, 0xBE19, 0xBE19, 0xBE19, 0xBE19, 0xBE19, 0xBE19, 0xD6DC, 0xD6DC, 0xD6DC, 0xBE19, 0xBE19,
    0xBE19, 0xBE19, 0xBE19, 0xBE19, 0xBE19, 0xBE19, 0xBE19, 0xBE19, 0xBE19, 0xBE19, 0xBE19, 0xBE19,
    0xBE19, 0xBE19, 0xBE19, 0xBE19, 0xBE19, 0xBE19, 0xBE19, 0xBE19, 0xBE19, 0xBE19, 0xBE19, 0xBE19,
    0xBE19, 0xBE19, 0xBE19, 0xBE19, 0xBE19, 0xBE19, 0xBE19, 0xBE19, 0x94F5, 0x94F5, 0x94F5, 0x94F5,
    0x94F5, 0x94F5, 0x94F5, 0x94F5, 0x94F5, 0x94F5, 0x94F5, 0x94F5, 0x94F5, 0x94F5, 0x94F5, 0x94F5,
    0x94F5, 0x94F5, 0x94F5, 0x94F5, 0x94F5, 0x94F5, 0x94F5, 0xBE19, 0xBE19, 0xBE19, 0xBE19, 0xBE19,
    0xBE19, 0xBE19, 0xBE19, 0xBE19, 0xBE19, 0xBE19, 0xBE19, 0xBE19, 0xBE19, 0xBE19, 0xD6DC, 0xD6DC,
    0x0000, 0x0000, 0x0000, 0x0000, 0x0882, 0x0882, 0x0882, 0x0882, 0x0000, 0x0000, 0x0000, 0x0000,
    0xD6DC, 0xD6DC, 0xBE19, 0xBE19, 0xBE19, 0xBE19, 0xBE19, 0xBE19, 0xBE19, 0xBE19, 0xBE19, 0xBE19,
    0xBE19, 0xBE19, 0xBE19, 0xBE19, 0xBE19, 0xBE19, 0xBE19, 0xBE19, 0xBE19, 0xBE19, 0xBE19, 0xBE19,
    0xBE19, 0xBE19, 0xBE19, 0xBE19, 0xBE19, 0xBE19, 0xBE19, 0xBE19, 0xBE19, 0xBE19, 0xBE19, 0xBE19,
    0x5B2D, 0xBE19, 0xBE19, 0xBE19, 0xBE19, 0xBE19, 0xBE19, 0xBE19, 0xBE19, 0xBE19, 0xBE19, 0xBE19,
    0xBE19, 0xBE19, 0xBE19, 0xBE19, 0xBE19, 0xBE19, 0xBE19, 0xBE19, 0xBE19, 0xBE19, 0xBE19, 0xBE19,
    0xBE19, 0xBE19, 0xBE19, 0xBE19, 0xBE19, 0xBE19, 0xBE19, 0xBE19, 0xBE19, 0xBE19, 0xBE19, 0xBE19,
    0xBE19, 0xBE19, 0xBE19, 0xBE19, 0xBE19, 0xBE19, 0xBE19, 0xBE19, 0xBE19, 0xBE19, 0xBE19, 0xBE19,
    0xBE19, 0xBE19, 0xBE19, 0xBE19, 0xBE19, 0x5B2D, 0xBE19, 0xBE19, 0xBE19, 0xBE19, 0xBE19, 0xBE19,
    0xBE19, 0xBE19, 0xBE19, 0xBE19, 0xD6DC, 0xD6DC, 0x0000, 0x0000, 0x0000, 0x0000, 0x0882, 0x0882,
    0x0882, 0x0882, 0x0000, 0x0000, 0x0000, 0x0000, 0xD6DC, 0xD6DC, 0xBE19, 0xBE19, 0xBE19, 0xBE19,
    0xBE19, 0xBE19, 0xBE19, 0xBE19, 0xBE19, 0xBE19, 0xBE19, 0xBE19, 0xBE19, 0xBE19, 0xBE19, 0xBE19,
    0xBE19, 0xBE19, 0xBE19, 0xBE19, 0xBE19, 0xBE19, 0xBE19, 0xBE19, 0xBE19, 0xBE19, 0xBE19, 0xBE19,
    0xBE19, 0x2987, 0x2125, 0xBE19, 0x94F5, 0x94F5, 0x94F5, 0x94F5, 0x94F5, 0x94F5, 0x94F5, 0x94F5,
    0x94F5, 0x94F5, 0x94F5, 0x94F5, 0x94F5, 0x94F5, 0x94F5, 0x94F5, 0x94F5, 0x94F5, 0x94F5, 0x94F5,
    0x94F5, 0x94F5, 0x94F5, 0x94F5, 0x94F5, 0x94F5, 0x94F5, 0x94F5, 0x94F5, 0x94F5, 0x94F5, 0x94F5,
    0x94F5, 0x94F5, 0x94F5, 0xD6DC, 0xD6DC, 0xBE19, 0x0000, 0x0000, 0x0882, 0x0882, 0x0882, 0x0882,
    0x0882, 0x0882, 0x0882, 0x0882, 0x0882, 0x0882, 0x0882, 0x0882, 0x0000, 0x0000, 0xBE19, 0xD6DC,
    0xD6DC, 0xBE19, 0xBE19, 0xBE19, 0xBE19, 0xBE19, 0xBE19, 0xBE19, 0xBE19, 0xBE19, 0xBE19, 0xBE19,
    0xBE19, 0xBE19, 0xBE19, 0xBE19, 0xBE19, 0xBE19, 0xBE19, 0xBE19, 0xBE19, 0xBE19, 0xBE19, 0xBE19,
    0xBE19, 0xBE19, 0xBE19, 0xBE19, 0xBE19, 0xBE19, 0xBE19, 0xBE19, 0x5B2D, 0xBE19, 0xBE19, 0xBE19,
    0xBE19, 0xBE19, 0xBE19, 0xBE19, 0xBE19, 0xBE19, 0xBE19, 0xBE19, 0xBE19, 0xBE19, 0xBE19, 0xBE19,
    0xBE19, 0xBE19, 0xBE19, 0xBE19, 0xBE19, 0xBE19, 0xBE19, 0xBE19, 0xBE19, 0xBE19, 0xBE19, 0xBE19,
    0xBE19, 0xBE19, 0xBE19, 0xBE19, 0xBE19, 0xBE19, 0xBE19, 0xBE19, 0xBE19, 0xBE19, 0xBE19, 0xBE19,
    0xBE19, 0xBE19, 0xBE19, 0xBE19, 0xBE19, 0xBE19, 0xBE19, 0xBE19, 0xBE19, 0xBE19, 0xBE19, 0xBE19,
    0xBE19, 0x5B2D, 0xBE19, 0xBE19, 0xBE19, 0xBE19, 0xBE19, 0xBE19, 0xBE19, 0xD6DC, 0xD6DC, 0xBE19,
    0x0000, 0x0000, 0x0882, 0x0882, 0x0882, 0x0882, 0x0882, 0x0882, 0x0882, 0x0882, 0x0882, 0x0882,
    0x0882, 0x0882, 0x0000, 0x0000, 0xBE19, 0xD6DC, 0xD6DC, 0xBE19, 0xBE19, 0xBE19, 0xBE19, 0xBE19,
    0xBE19, 0xBE19, 0xBE19, 0xBE19, 0xBE19, 0xBE19, 0xBE19, 0xBE19, 0xBE19, 0xBE19, 0xBE19, 0xBE19,
    0xBE19, 0xBE19, 0xBE19, 0xBE19, 0xBE19, 0xBE19, 0xBE19, 0xBE19, 0xBE19, 0x2987, 0x2125, 0xBE19,
    0x94F5, 0x94F5, 0x94F5, 0x94F5, 0x94F5, 0x94F5, 0x94F5, 0x94F5, 0x94F5, 0x94F5, 0x94F5, 0x94F5,
    0x94F5, 0x94F5, 0x94F5, 0x94F5, 0x94F5, 0x94F5, 0x94F5, 0x94F5, 0x94F5, 0x94F5, 0x94F5, 0x94F5,
    0x94F5, 0x94F5, 0x94F5, 0x94F5, 0x94F5, 0x94F5, 0x94F5, 0x94F5, 0x94F5, 0x94F5, 0xD6DC, 0x94F5,
    0x0000, 0x0000, 0x0882, 0x0882, 0x0882, 0x0882, 0x0882, 0x0882, 0x0882, 0x0882, 0x0882, 0x0882,
    0x0882, 0x0882, 0x0882, 0x0882, 0x0882, 0x0882, 0x0000, 0x0000, 0xBE19, 0xD6DC, 0xBE19, 0xBE19,
    0xBE19, 0xBE19, 0xBE19, 0xBE19, 0xBE19, 0xBE19, 0xBE19, 0xBE19, 0xBE19, 0xBE19, 0xBE19, 0xBE19,
    0xBE19, 0xBE19, 0xBE19, 0xBE19, 0xBE19, 0xBE19, 0xBE19, 0xBE19, 0xBE19, 0xBE19, 0xBE19, 0xBE19,
    0xBE19, 0xBE19, 0xBE19, 0xBE19, 0x5B2D, 0xBE19, 0xBE19, 0xBE19, 0xBE19, 0xBE19, 0xBE19, 0xBE19,
    0xBE19, 0xBE19, 0xBE19, 0xBE19, 0xBE19, 0xBE19, 0xBE19, 0xBE19, 0xBE19, 0xBE19, 0xBE19, 0xBE19,
    0xBE19, 0xBE19, 0xBE19, 0xBE19, 0xBE19, 0xBE19, 0xBE19, 0xBE19, 0xBE19, 0xBE19, 0xBE19, 0xBE19,
    0xBE19, 0xBE19, 0xBE19, 0xBE19, 0xBE19, 0xBE19, 0xBE19, 0xBE19, 0xBE19, 0xBE19, 0xBE19, 0xBE19,
    0xBE19, 0xBE19, 0xBE19, 0xBE19, 0xBE19, 0xBE19, 0xBE19, 0xBE19, 0xBE19, 0x5B2D, 0xBE19, 0xBE19,
    0xBE19, 0xBE19, 0xBE19, 0xBE19, 0xD6DC, 0xBE19, 0x0000, 0x0000, 0x0882, 0x0882, 0x0882, 0x0882,
    0x0882, 0x0882, 0x0882, 0x0882, 0x0882, 0x0882, 0x0882, 0x0882, 0x0882, 0x0882, 0x0882, 0x0882,
    0x0000, 0x0000, 0xBE19, 0xD6DC, 0xBE19, 0xBE19, 0xBE19, 0xBE19, 0xBE19, 0xBE19, 0xBE19, 0xBE19,
    0xBE19, 0xBE19, 0xBE19, 0xBE19, 0xBE19, 0xBE19, 0xBE19, 0xBE19, 0xBE19, 0xBE19, 0xBE19, 0xBE19,
    0xBE19, 0xBE19, 0xBE19, 0xBE19, 0xBE19, 0x2987, 0x2125, 0xBE19, 0x94F5, 0x94F5, 0x7C31, 0x7C31,
    0x7C31, 0x7C31, 0x94F5, 0x94F5, 0x94F5, 0x94F5, 0x94F5, 0x94F5, 0x94F5, 0x94F5, 0x94F5, 0x94F5,
    0x94F5, 0x94F5, 0x94F5, 0x94F5, 0x94F5, 0x94F5, 0x94F5, 0x94F5, 0x94F5, 0x94F5, 0x94F5, 0x94F5,
    0x94F5, 0x94F5, 0x94F5, 0x94F5, 0x94F5, 0xD6DC, 0x94F5, 0x0000, 0x0882, 0x0882, 0x0882, 0x0882,
    0x0882, 0x0882, 0x0882, 0x0882, 0x0882, 0x0882, 0x0882, 0x0882, 0x0882, 0x0882, 0x0882, 0x0882,
    0x0882, 0x0882, 0x0882, 0x0882, 0x0000, 0x94F5, 0xD6DC, 0xBE19, 0xBE19, 0xBE19, 0xBE19, 0xBE19,
    0xBE19, 0xBE19, 0xBE19, 0xBE19, 0xBE19, 0xBE19, 0xBE19, 0xBE19, 0xBE19, 0xBE19, 0xBE19, 0xBE19,
    0xBE19, 0xBE19, 0xBE19, 0xBE19, 0xBE19, 0xBE19, 0xBE19, 0xBE19, 0xBE19, 0xBE19, 0xBE19, 0xBE19,
    0x5B2D, 0xBE19, 0xBE19, 0xBE19, 0xBE19, 0xBE19, 0xBE19, 0xBE19, 0xBE19, 0xBE19, 0xBE19, 0xBE19,
    0xBE19, 0xBE19, 0xBE19, 0xBE19, 0xBE19, 0xBE19, 0xBE19, 0xBE19, 0xBE19, 0xBE19, 0xBE19, 0xBE19,
    0xBE19, 0xBE19, 0xBE19, 0xBE19, 0xBE19, 0xBE19, 0xBE19, 0xBE19, 0xBE19, 0xBE19, 0xBE19, 0xBE19,
    0xBE19, 0xBE19, 0xBE19, 0xBE19, 0xBE19, 0xBE19, 0xBE19, 0xBE19, 0xBE19, 0xBE19, 0xBE19, 0xBE19,
    0xBE19, 0xBE19, 0xBE19, 0xBE19, 0xBE19, 0x5B2D, 0xBE19, 0xBE19, 0xBE19, 0xBE19, 0xBE19, 0xD6DC,
    0xBE19, 0x0000, 0x0882, 0x0882, 0x0882, 0x0882, 0x0882, 0x0882, 0x0882, 0x0882, 0x0882, 0x0882,
    0x0882, 0x0882, 0x0882, 0x0882, 0x0882, 0x0882, 0x0882, 0x0882, 0x0882, 0x0882, 0x0000, 0xBE19,
    0xD6DC, 0xBE19, 0xBE19, 0xBE19, 0xBE19, 0xBE19, 0xBE19, 0xBE19, 0xBE19, 0xBE19, 0xBE19, 0xBE19,
    0xBE19, 0xBE19, 0xBE19, 0xBE19, 0xBE19, 0xBE19, 0xBE19, 0xBE19, 0xBE19, 0xBE19, 0xBE19, 0xBE19,
    0xBE19, 0x2987, 0x2125, 0xBE19, 0x94F5, 0x94F5, 0x94F5, 0x94F5, 0x94F5, 0x94F5, 0x7C31, 0x7C31,
    0x7C31, 0x7C31, 0x7C31, 0x7C31, 0x94F5, 0x94F5, 0x94F5, 0x94F5, 0x94F5, 0x94F5, 0x94F5, 0x94F5,
    0x94F5, 0x94F5, 0x94F5, 0x94F5, 0x94F5, 0x94F5, 0x94F5, 0x94F5, 0x94F5, 0x94F5, 0x94F5, 0x94F5,
    0xD6DC, 0x94F5, 0x0000, 0x0882, 0x0882, 0x0882, 0x0882, 0x0882, 0x0882, 0x0882, 0x0882, 0x0882,
    0x0882, 0x0882, 0x0882, 0x0882, 0x0882, 0x0882, 0x0882, 0x0882, 0x0882, 0x0882, 0x0882, 0x0882,
    0x0882, 0x0000, 0x94F5, 0xD6DC, 0x94F5, 0x94F5, 0x94F5, 0x94F5, 0x94F5, 0x94F5, 0x7C31, 0x7C31,
    0x7C31, 0x7C31, 0x7C31, 0x7C31, 0x7C31, 0x7C31, 0x7C31, 0x7C31, 0xBE19, 0xBE19, 0xBE19, 0xBE19,
    0xBE19, 0xBE19, 0xBE19, 0xBE19, 0xBE19, 0xBE19, 0xBE19, 0xBE19, 0x5B2D, 0xBE19, 0xBE19, 0xBE19,
    0xBE19, 0xBE19, 0xBE19, 0xBE19, 0xBE19, 0xBE19, 0xBE19, 0xBE19, 0xBE19, 0xBE19, 0xBE19, 0xBE19,
    0xBE19, 0xBE19, 0xBE19, 0xBE19, 0xBE19, 0xBE19, 0xBE19, 0xBE19, 0xBE19, 0xBE19, 0xBE19, 0xBE19,
    0xBE19, 0xBE19, 0xBE19, 0xBE19, 0xBE19, 0xBE19, 0xBE19, 0xBE19, 0xBE19, 0xBE19, 0xBE19, 0xBE19,
    0xBE19, 0xBE19, 0xBE19, 0xBE19, 0xBE19, 0xBE19, 0xBE19, 0xBE19, 0xBE19, 0xBE19, 0xBE19, 0xBE19,
    0xBE19, 0x5B2D, 0xBE19, 0xBE19, 0xBE19, 0xBE19, 0xD6DC, 0xBE19, 0x0000, 0x0882, 0x0882, 0x0882,
    0x0882, 0x0882, 0x0882, 0x0882, 0x0882, 0x0882, 0x0882, 0x0882, 0x0882, 0x0882, 0x0882, 0x0882,
    0x0882, 0x0882, 0x0882, 0x0882, 0x0882, 0x0882, 0x0882, 0x0000, 0xBE19, 0xD6DC, 0xBE19, 0xBE19,
    0xBE19, 0xBE19, 0xBE19, 0xBE19, 0xBE19, 0xBE19, 0xBE19, 0xBE19, 0xBE19, 0xBE19, 0xBE19, 0xBE19,
    0xBE19, 0xBE19, 0xBE19, 0xBE19, 0xBE19, 0xBE19, 0xBE19, 0xBE19, 0xBE19, 0x2987, 0x2125, 0xBE19,
    0x0000, 0x94F5, 0x94F5, 0x94F5, 0x94F5, 0x94F5, 0x94F5, 0x94F5, 0x94F5, 0x94F5, 0x94F5, 0x94F5,
    0x7C31, 0x7C31, 0x7C31, 0x94F5, 0x94F5, 0x94F5, 0x94F5, 0x94F5, 0x94F5, 0x94F5, 0x94F5, 0x94F5,
    0x94F5, 0x94F5, 0x94F5, 0x94F5, 0x94F5, 0x94F5, 0x94F5, 0x94F5, 0xD6DC, 0x0000, 0x0882, 0x0882,
    0x0882, 0x0882, 0x0882, 0x0882, 0x0882, 0x0882, 0x0882, 0x0882, 0x0882, 0x0882, 0x0882, 0x0882,
    0x0882, 0x0882, 0x0882, 0x0882, 0x0882, 0x0882, 0x0882, 0x0882, 0x0882, 0x0882, 0x0000, 0xD6DC,
    0x94F5, 0x94F5, 0x94F5, 0x94F5, 0x94F5, 0x94F5, 0x94F5, 0x94F5, 0x94F5, 0x94F5, 0x94F5, 0x94F5,
    0x94F5, 0x94F5, 0x94F5, 0x94F5, 0x7C31, 0x7C31, 0x7C31, 0x7C31, 0x7C31, 0x7C31, 0x7C31, 0x7C31,
    0x7C31, 0x7C31, 0x7C31, 0x7C31, 0x5B2D, 0xBE19, 0xBE19, 0xBE19, 0xBE19, 0xBE19, 0xBE19, 0xBE19,
    0xBE19, 0xBE19, 0xBE19, 0xBE19, 0xBE19, 0xBE19, 0xBE19, 0xBE19, 0xBE19, 0xBE19, 0xBE19, 0xBE19,
    0xBE19, 0xBE19, 0xBE19, 0xBE19, 0xBE19, 0xBE19, 0xBE19, 0xBE19, 0xBE19, 0xBE19, 0xBE19, 0xBE19,
    0xBE19, 0xBE19, 0xBE19, 0xBE19, 0xBE19, 0xBE19, 0xBE19, 0xBE19, 0xBE19, 0xBE19, 0xBE19, 0xBE19,
    0xBE19, 0xBE19, 0xBE19, 0xBE19, 0xBE19, 0xBE19, 0xBE19, 0xBE19, 0xBE19, 0x5B2D, 0xBE19, 0xBE19,
    0xBE19, 0xBE19, 0xD6DC, 0x0000, 0x0882, 0x0882, 0x0882, 0x0882, 0x0882, 0x0882, 0x0882, 0x0882,
    0x0882, 0x0882, 0x0882, 0x0882, 0x0882, 0x0882, 0x0882, 0x0882, 0x0882, 0x0882, 0x0882, 0x0882,
    0x0882, 0x0882, 0x0882, 0x0882, 0x0000, 0xD6DC, 0xBE19, 0xBE19, 0xBE19, 0xBE19, 0xBE19, 0xBE19,
    0xBE19, 0xBE19, 0xBE19, 0xBE19, 0xBE19, 0xBE19, 0xBE19, 0xBE19, 0xBE19, 0xBE19, 0xBE19, 0xBE19,
    0xBE19, 0x2987, 0x2987, 0x2987, 0x2987, 0x2987, 0x2125, 0xBE19, 0x0000, 0xA082, 0xA082, 0x94F5,
    0x94F5, 0x94F5, 0x94F5, 0x94F5, 0x94F5, 0x94F5, 0x94F5, 0x94F5, 0x94F5, 0x94F5, 0x94F5, 0x94F5,
    0x94F5, 0x94F5, 0x94F5, 0x94F5, 0x94F5, 0x94F5, 0x94F5, 0x94F5, 0x94F5, 0x94F5, 0x94F5, 0x94F5,
    0x94F5, 0x94F5, 0x94F5, 0xD6DC, 0x0000, 0x0882, 0x0882, 0x0882, 0x0882, 0x0882, 0x0882, 0x0882,
    0x0882, 0x0882, 0x0882, 0x0882, 0x0882, 0x0882, 0x0882, 0x0882, 0x0882, 0x0882, 0x0882, 0x0882,
    0x0882, 0x0882, 0x0882, 0x0882, 0x0882, 0x0882, 0x0882, 0x0000, 0xD6DC, 0x94F5, 0x94F5, 0x94F5,
    0x94F5, 0x94F5, 0x94F5, 0x94F5, 0x94F5, 0x94F5, 0x94F5, 0x94F5, 0x94F5, 0x94F5, 0x94F5, 0x94F5,
    0x94F5, 0x94F5, 0x94F5, 0x94F5, 0x94F5, 0x94F5, 0x94F5, 0x94F5, 0x94F5, 0x94F5, 0x94F5, 0x94F5,
    0x5B2D, 0x7C31, 0x7C31, 0x7C31, 0x7C31, 0x7C31, 0x7C31, 0x7C31, 0x7C31, 0x7C31, 0x7C31, 0xBE19,
    0xBE19, 0xBE19, 0xBE19, 0xBE19, 0xBE19, 0xBE19, 0xBE19, 0xBE19, 0xBE19, 0xBE19, 0xBE19, 0xBE19,
    0xBE19, 0xBE19, 0xBE19, 0xBE19, 0xBE19, 0xBE19, 0xBE19, 0xBE19, 0xBE19, 0xBE19, 0xBE19, 0xBE19,
    0xBE19, 0xBE19, 0xBE19, 0xBE19, 0xBE19, 0xBE19, 0xBE19, 0xBE19, 0xBE19, 0xBE19, 0xBE19, 0xBE19,
    0xBE19, 0xBE19, 0xBE19, 0xBE19, 0xBE19, 0x5B2D, 0xBE19, 0xBE19, 0xBE19, 0xD6DC, 0x0000, 0x0882,
    0x0882, 0x0882, 0x0882, 0x0882, 0x0882, 0x0882, 0x0882, 0x0882, 0x0882, 0x0882, 0x0882, 0x0882,
    0x0882, 0x0882, 0x0882, 0x0882, 0x0882, 0x0882, 0x0882, 0x0882, 0x0882, 0x0882, 0x0882, 0x0882,
    0x0882, 0x0000, 0xD6DC, 0xBE19, 0xBE19, 0xBE19, 0xBE19, 0xBE19, 0xBE19, 0xBE19, 0xBE19, 0xBE19,
    0xBE19, 0xBE19, 0xBE19, 0xBE19, 0x2987, 0x2987, 0xCF5F, 0xCF5F, 0xCF5F, 0xCF5F, 0xCF5F, 0x2987,
    0x2987, 0x2987, 0x2125, 0x0000, 0x0000, 0xA082, 0xA082, 0x94F5, 0x94F5, 0x94F5, 0x94F5, 0x94F5,
    0x94F5, 0x94F5, 0x94F5, 0x94F5, 0x94F5, 0x94F5, 0x94F5, 0x94F5, 0x94F5, 0x94F5, 0x94F5, 0x94F5,
    0x94F5, 0x94F5, 0x94F5, 0x94F5, 0x94F5, 0x94F5, 0x94F5, 0x94F5, 0x94F5, 0x94F5, 0xD6DC, 0x0000,
    0x0882, 0x0882, 0x0882, 0x0882, 0x0882, 0x0882, 0x0882, 0x0882, 0x0882, 0x0882, 0x0882, 0x0882,
    0x0882, 0x0882, 0x0882, 0x0882, 0x0882, 0x0882, 0x0882, 0x0882, 0x0882, 0x0882, 0x0882, 0x0882,
    0x0882, 0x0882, 0x0882, 0x0882, 0x0000, 0xD6DC, 0x94F5, 0x94F5, 0x94F5, 0x94F5, 0x94F5, 0x94F5,
    0x94F5, 0x94F5, 0x94F5, 0x94F5, 0x94F5, 0x94F5, 0x94F5, 0x94F5, 0x94F5, 0x94F5, 0x94F5, 0x94F5,
    0x94F5, 0x94F5, 0x94F5, 0x94F5, 0x94F5, 0x94F5, 0x94F5, 0x94F5, 0x5B2D, 0x94F5, 0x94F5, 0x94F5,
    0x94F5, 0x94F5, 0x94F5, 0x94F5, 0x94F5, 0x94F5, 0x94F5, 0x7C31, 0x7C31, 0x7C31, 0x7C31, 0x7C31,
    0x7C31, 0x7C31, 0x7C31, 0x7C31, 0x7C31, 0x7C31, 0x7C31, 0xBE19, 0xBE19, 0xBE19, 0xBE19, 0xBE19,
    0xBE19, 0xBE19, 0xBE19, 0xBE19, 0xBE19, 0xBE19, 0xBE19, 0xBE19, 0xBE19, 0xBE19, 0xBE19, 0xBE19,
    0xBE19, 0xBE19, 0xBE19, 0xBE19, 0xBE19, 0xBE19, 0xBE19, 0xBE19, 0xBE19, 0xBE19, 0xBE19, 0xBE19,
    0xBE19, 0x5B2D, 0xBE19, 0xBE19, 0xD6DC, 0x0000, 0x0882, 0x0882, 0x0882, 0x0882, 0x0882, 0x0882,
    0x0882, 0x0882, 0x0882, 0x0882, 0x0882, 0x0882, 0x0882, 0x0882, 0x0882, 0x0882, 0x0882, 0x0882,
    0x0882, 0x0882, 0x0882, 0x0882, 0x0882, 0x0882, 0x0882, 0x0882, 0x0882, 0x0882, 0x0000, 0xD6DC,
    0xBE19, 0xBE19, 0xBE19, 0xBE19, 0xBE19, 0xBE19, 0xBE19, 0xBE19, 0xBE19, 0xBE19, 0x2987, 0x2987,
    0x2987, 0xCF5F, 0xCF5F, 0xFFFF, 0xFFFF, 0xFFFF, 0xCF5F, 0xCF5F, 0x2987, 0xBE19, 0xBE19, 0x0000,
    0x0000, 0xA082, 0xA082, 0x94F5, 0x94F5, 0x94F5, 0x94F5, 0x94F5, 0x94F5, 0x94F5, 0x94F5, 0x94F5,
    0x94F5, 0x94F5, 0x94F5, 0x94F5, 0x94F5, 0x94F5, 0x94F5, 0x94F5, 0x94F5, 0x94F5, 0x94F5, 0x94F5,
    0x94F5, 0x94F5, 0x94F5, 0x94F5, 0x94F5, 0xD6DC, 0x94F5, 0x0000, 0x0882, 0x0882, 0x0882, 0x0882,
    0x0882, 0x0882, 0x0882, 0x0882, 0x0882, 0x0882, 0x0882, 0x0882, 0x0882, 0x0882, 0x0882, 0x0882,
    0x0882, 0x0882, 0x0882, 0x0882, 0x0882, 0x0882, 0x0882, 0x0882, 0x0882, 0x0882, 0x0882, 0x0882,
    0x0000, 0x94F5, 0xD6DC, 0x94F5, 0x94F5, 0x94F5, 0x94F5, 0x94F5, 0x94F5, 0x94F5, 0x94F5, 0x94F5,
    0x94F5, 0x94F5, 0x94F5, 0x94F5, 0x94F5, 0x94F5, 0x94F5, 0x94F5, 0x94F5, 0x94F5, 0x94F5, 0x94F5,
    0x94F5, 0x94F5, 0x94F5, 0x94F5, 0x5B2D, 0x94F5, 0x94F5, 0x94F5, 0x94F5, 0x94F5, 0x94F5, 0x94F5,
    0x94F5, 0x94F5, 0x94F5, 0x94F5, 0x94F5, 0x94F5, 0x94F5, 0x94F5, 0x94F5, 0x94F5, 0x94F5, 0x94F5,
    0x94F5, 0x94F5, 0x94F5, 0x7C31, 0x7C31, 0x7C31, 0x7C31, 0x7C31, 0x7C31, 0x7C31, 0x7C31, 0x7C31,
    0x7C31, 0x7C31, 0x7C31, 0xBE19, 0xBE19, 0xBE19, 0xBE19, 0xBE19, 0xBE19, 0xBE19, 0xBE19, 0xBE19,
    0xBE19, 0xBE19, 0xBE19, 0xBE19, 0xBE19, 0xBE19, 0xBE19, 0xBE19, 0xBE19, 0x5B2D, 0xBE19, 0xD6DC,
    0xBE19, 0x0000, 0x0882, 0x0882, 0x0882, 0x0882, 0x0882, 0x0882, 0x0882, 0x0882, 0x0882, 0x0882,
    0x0882, 0x0882, 0x0882, 0x0882, 0x0882, 0x0882, 0x0882, 0x0882, 0x0882, 0x0882, 0x0882, 0x0882,
    0x0882, 0x0882, 0x0882, 0x0882, 0x0882, 0x0882, 0x0000, 0xBE19, 0xD6DC, 0xBE19, 0xBE19, 0xBE19,
    0xBE19, 0xBE19, 0xBE19, 0xBE19, 0xBE19, 0xBE19, 0xBE19, 0x2987, 0x2987, 0xCF5F, 0xFFFF, 0xFFFF,
    0xFFFF, 0xFFFF, 0xFFFF, 0xCF5F, 0x2987, 0xBE19, 0xBE19, 0x0000, 0x0000, 0xA082, 0xA082, 0x94F5,
    0x94F5, 0x94F5, 0x94F5, 0x94F5, 0x94F5, 0x94F5, 0x94F5, 0x94F5, 0x94F5, 0x94F5, 0x94F5, 0x94F5,
    0x94F5, 0x94F5, 0x94F5, 0x94F5, 0x94F5, 0x94F5, 0x94F5, 0x94F5, 0x94F5, 0x94F5, 0x94F5, 0x94F5,
    0x94F5, 0xD6DC, 0x0000, 0x0882, 0x0882, 0x0882, 0x0882, 0x0882, 0x0882, 0x0882, 0x0882, 0x0882,
    0x0882, 0x0882, 0x0882, 0x0882, 0x0882, 0x0882, 0x0882, 0x0882, 0x0882, 0x0882, 0x0882, 0x0882,
    0x0882, 0x0882, 0x0882, 0x0882, 0x0882, 0x0882, 0x0882, 0x0882, 0x0882, 0x0000, 0xD6DC, 0x94F5,
    0x94F5, 0x94F5, 0x94F5, 0x94F5, 0x94F5, 0x94F5, 0x94F5, 0x94F5, 0x94F5, 0x94F5, 0x94F5, 0x94F5,
    0x94F5, 0x94F5, 0x94F5, 0x94F5, 0x94F5, 0x94F5, 0x94F5, 0x94F5, 0x94F5, 0x94F5, 0x94F5, 0x94F5,
    0x5B2D, 0x94F5, 0x94F5, 0x94F5, 0x94F5, 0x94F5, 0x94F5, 0x94F5, 0x94F5, 0x94F5, 0x94F5, 0x94F5,
    0x94F5, 0x94F5, 0x94F5, 0x94F5, 0x94F5, 0x94F5, 0x94F5, 0x94F5, 0x94F5, 0x94F5, 0x94F5, 0x94F5,
    0x94F5, 0x94F5, 0x94F5, 0x94F5, 0x94F5, 0x94F5, 0x94F5, 0x94F5, 0x94F5, 0x94F5, 0x94F5, 0x7C31,
    0x7C31, 0x7C31, 0x7C31, 0x7C31, 0x7C31, 0x7C31, 0x7C31, 0x7C31, 0x7C31, 0x7C31, 0x7C31, 0xBE19,
    0xBE19, 0xBE19, 0xBE19, 0xBE19, 0xBE19, 0x5B2D, 0xBE19, 0xD6DC, 0x0000, 0x0882, 0x0882, 0x0882,
    0x0882, 0x0882, 0x0882, 0x0882, 0x0882, 0x0882, 0x0882, 0x0882, 0x0882, 0x0882, 0x0882, 0x0882,
    0x0882, 0x0882, 0x0882, 0x0882, 0x0882, 0x0882, 0x0882, 0x0882, 0x0882, 0x0882, 0x0882, 0x0882,
    0x0882, 0x0882, 0x0882, 0x0000, 0xD6DC, 0xBE19, 0xBE19, 0xBE19, 0xBE19, 0xBE19, 0xBE19, 0xBE19,
    0xBE19, 0xBE19, 0xBE19, 0x2987, 0x2987, 0xCF5F, 0xFFFF, 0xFFFF, 0xFFFF, 0xFFFF, 0xFFFF, 0xCF5F,
    0x2987, 0x2987, 0xBE19, 0x0000, 0x0000, 0xA082, 0xA082, 0x94F5, 0x94F5, 0x94F5, 0x94F5, 0x94F5,
    0x94F5, 0x94F5, 0x94F5, 0x94F5, 0x94F5, 0x94F5, 0x94F5, 0x94F5, 0x94F5, 0x94F5, 0x94F5, 0x94F5,
    0x94F5, 0x94F5, 0x94F5, 0x94F5, 0x94F5, 0x94F5, 0x94F5, 0x94F5, 0xD6DC, 0x94F5, 0x0000, 0x0882,
    0x0882, 0x0882, 0x0882, 0x0882, 0x0882, 0x0882, 0x0882, 0x0882, 0x0882, 0x0882, 0x0882, 0x0882,
    0x0882, 0x0882, 0x0882, 0x0882, 0x0882, 0x0882, 0x0882, 0x0882, 0x0882, 0x0882, 0x0882, 0x0882,
    0x0882, 0x0882, 0x0882, 0x0882, 0x0882, 0x0000, 0x94F5, 0xD6DC, 0x94F5, 0x94F5, 0x94F5, 0x94F5,
    0x94F5, 0x94F5, 0x94F5, 0x94F5, 0x94F5, 0x94F5, 0x94F5, 0x94F5, 0x94F5, 0x94F5, 0x94F5, 0x94F5,
    0x94F5, 0x94F5, 0x94F5, 0x94F5, 0x94F5, 0x94F5, 0x94F5, 0x94F5, 0x5B2D, 0x94F5, 0x94F5, 0x94F5,
    0x94F5, 0x94F5, 0x94F5, 0x94F5, 0x94F5, 0x94F5, 0x94F5, 0x94F5, 0x94F5, 0x94F5, 0x94F5, 0x94F5,
    0x94F5, 0x94F5, 0x94F5, 0x94F5, 0x94F5, 0x94F5, 0x94F5, 0x94F5, 0x94F5, 0x94F5, 0x94F5, 0x94F5,
    0x94F5, 0x94F5, 0x94F5, 0x94F5, 0x94F5, 0x94F5, 0x94F5, 0x94F5, 0x94F5, 0x94F5, 0x94F5, 0x94F5,
    0x94F5, 0x94F5, 0x94F5, 0x94F5, 0x94F5, 0x94F5, 0x94F5, 0x7C31, 0x7C31, 0x7C31, 0x7C31, 0x7C31,
    0x7C31, 0x5B2D, 0xD6DC, 0xBE19, 0x0000, 0x0882, 0x0882, 0x0882, 0x0882, 0x0882, 0x0882, 0x0882,
    0x0882, 0x0882, 0x0882, 0x0882, 0x0882, 0x0882, 0x0882, 0x0882, 0x0882, 0x0882, 0x0882, 0x0882,
    0x0882, 0x0882, 0x0882, 0x0882, 0x0882, 0x0882, 0x0882, 0x0882, 0x0882, 0x0882, 0x0882, 0x0000,
    0xBE19, 0xD6DC, 0xBE19, 0xBE19, 0xBE19, 0xBE19, 0xBE19, 0xBE19, 0xBE19, 0xBE19, 0xBE19, 0xBE19,
    0x2987, 0xCF5F, 0xCF5F, 0xFFFF, 0xFFFF, 0xFFFF, 0xCF5F, 0xCF5F, 0x2987, 0x2987, 0xBE19, 0x0000,
    0x0000, 0x0000, 0x94F5, 0x94F5, 0x94F5, 0x94F5, 0x94F5, 0x94F5, 0x94F5, 0x94F5, 0x94F5, 0x94F5,
    0x94F5, 0x94F5, 0x94F5, 0x94F5, 0x94F5, 0x94F5, 0x94F5, 0x94F5, 0x94F5, 0x94F5, 0x94F5, 0x94F5,
    0x94F5, 0x94F5, 0x94F5, 0x94F5, 0x94F5, 0x0000, 0x0882, 0x0882, 0x0882, 0x0882, 0x0882, 0x0882,
    0x0882, 0x0882, 0x0882, 0x0882, 0x0882, 0x0882, 0x0882, 0x0882, 0x0882, 0x0882, 0x0882, 0x0882,
    0x0882, 0x0882, 0x0882, 0x0882, 0x0882, 0x0882, 0x0882, 0x0882, 0x0882, 0x0882, 0x0882, 0x0882,
    0x0882, 0x0882, 0x0000, 0x94F5, 0x94F5, 0x94F5, 0x94F5, 0x94F5, 0x94F5, 0x94F5, 0x94F5, 0x94F5,
    0x94F5, 0x94F5, 0x94F5, 0x94F5, 0x94F5, 0x94F5, 0x94F5, 0x94F5, 0x94F5, 0x94F5, 0x94F5, 0x94F5,
    0x94F5, 0x94F5, 0x94F5, 0x94F5, 0x5B2D, 0x94F5, 0x94F5, 0x94F5, 0x94F5, 0x94F5, 0x94F5, 0x94F5,
    0x94F5, 0x94F5, 0x94F5, 0x94F5, 0x94F5, 0x94F5, 0x94F5, 0x94F5, 0x94F5, 0x94F5, 0x94F5, 0x94F5,
    0x94F5, 0x94F5, 0x94F5, 0x94F5, 0x94F5, 0x94F5, 0x94F5, 0x94F5, 0x94F5, 0x94F5, 0x94F5, 0x94F5,
    0x94F5, 0x94F5, 0x94F5, 0x94F5, 0x94F5, 0x94F5, 0x94F5, 0x94F5, 0x94F5, 0x94F5, 0x94F5, 0x94F5,
    0x94F5, 0x94F5, 0x94F5, 0x94F5, 0x94F5, 0x94F5, 0x94F5, 0x94F5, 0x94F5, 0x5B2D, 0x94F5, 0x0000,
    0x0882, 0x0882, 0x0882, 0x0882, 0x0882, 0x0882, 0x0882, 0x0882, 0x0882, 0x0882, 0x0882, 0x0882,
    0x0882, 0x0882, 0x0882, 0x0882, 0x0882, 0x0882, 0x0882, 0x0882, 0x0882, 0x0882, 0x0882, 0x0882,
    0x0882, 0x0882, 0x0882, 0x0882, 0x0882, 0x0882, 0x0882, 0x0882, 0x0000, 0xBE19, 0xBE19, 0xBE19,
    0xBE19, 0xBE19, 0xBE19, 0xBE19, 0xBE19, 0xBE19, 0xBE19, 0xBE19, 0x2987, 0x2987, 0xCF5F, 0xCF5F,
    0xCF5F, 0xCF5F, 0xCF5F, 0x2987, 0x2987, 0x2987, 0x0000, 0x0000, 0x0000, 0x0000, 0x0000, 0x94F5,
    0x94F5, 0x94F5, 0x94F5, 0x94F5, 0x2987, 0x94F5, 0x94F5, 0x94F5, 0x94F5, 0x2987, 0x94F5, 0x94F5,
    0x94F5, 0x94F5, 0x2987, 0x94F5, 0x94F5, 0x94F5, 0x94F5, 0x94F5, 0x94F5, 0x94F5, 0x94F5, 0x94F5,
    0x94F5, 0x0000, 0x0882, 0x0882, 0x0882, 0x0882, 0x0882, 0x0882, 0x0882, 0x0882, 0x0882, 0x0882,
    0x0882, 0x0882, 0x0882, 0x0882, 0x0882, 0x0882, 0x0882, 0x0882, 0x0882, 0x0882, 0x0882, 0x0882,
    0x0882, 0x0882, 0x0882, 0x0882, 0x0882, 0x0882, 0x0882, 0x0882, 0x0882, 0x0882, 0x0000, 0x94F5,
    0x94F5, 0x94F5, 0x94F5, 0x94F5, 0x94F5, 0x94F5, 0x94F5, 0x94F5, 0x94F5, 0x94F5, 0x94F5, 0x94F5,
    0x94F5, 0x94F5, 0x94F5, 0x94F5, 0x94F5, 0x94F5, 0x94F5, 0x94F5, 0x94F5, 0x94F5, 0x94F5, 0x94F5,
    0x5B2D, 0x94F5, 0x94F5, 0x94F5, 0x94F5, 0x94F5, 0x94F5, 0x94F5, 0x94F5, 0x94F5, 0x94F5, 0x94F5,
    0x94F5, 0x94F5, 0x94F5, 0x94F5, 0x94F5, 0x94F5, 0x94F5, 0x94F5, 0x94F5, 0x94F5, 0x94F5, 0x94F5,
    0x94F5, 0x94F5, 0x94F5, 0x94F5, 0x94F5, 0x94F5, 0x94F5, 0x94F5, 0x94F5, 0x94F5, 0x94F5, 0x94F5,
    0x94F5, 0x94F5, 0x94F5, 0x94F5, 0x94F5, 0x94F5, 0x94F5, 0x94F5, 0x94F5, 0x94F5, 0x94F5, 0x94F5,
    0x94F5, 0x94F5, 0x94F5, 0x94F5, 0x94F5, 0x5B2D, 0x94F5, 0x0000, 0x0882, 0x0882, 0x0882, 0x0882,
    0x0882, 0x0882, 0x0882, 0x0882, 0x0882, 0x0882, 0x0882, 0x0882, 0x0882, 0x0882, 0x0882, 0x0882,
    0x0882, 0x0882, 0x0882, 0x0882, 0x0882, 0x0882, 0x0882, 0x0882, 0x0882, 0x0882, 0x0882, 0x0882,
    0x0882, 0x0882, 0x0882, 0x0882, 0x0000, 0xBE19, 0xBE19, 0xBE19, 0xBE19, 0xBE19, 0xBE19, 0xBE19,
    0xBE19, 0xBE19, 0xBE19, 0xBE19, 0xBE19, 0x2987, 0x2987, 0x2987, 0x2987, 0x2987, 0x2987, 0x2987,
    0x2987, 0x2987, 0x0000, 0x0000, 0x0000, 0x0000, 0x0000, 0x2987, 0x2987, 0x2987, 0x2987, 0x2987,
    0x2987, 0x2987, 0x2987, 0x2987, 0x2987, 0x2987, 0x2987, 0x2987, 0x2987, 0x2987, 0x2987, 0x2987,
    0x2987, 0x2987, 0x2987, 0x2987, 0x94F5, 0x94F5, 0x94F5, 0x94F5, 0x94F5, 0x0000, 0x0882, 0x0882,
    0x0882, 0x0882, 0x0882, 0x0882, 0x0882, 0x0882, 0x0882, 0x0882, 0x0882, 0x0882, 0x0882, 0x0882,
    0x0882, 0x0882, 0x0882, 0x0882, 0x0882, 0x0882, 0x0882, 0x0882, 0x0882, 0x0882, 0x0882, 0x0882,
    0x0882, 0x0882, 0x0882, 0x0882, 0x0882, 0x0882, 0x0000, 0x94F5, 0x94F5, 0x94F5, 0x94F5, 0x94F5,
    0x94F5, 0x94F5, 0x94F5, 0x94F5, 0x94F5, 0x94F5, 0x94F5, 0x94F5, 0x94F5, 0x94F5, 0x94F5, 0x94F5,
    0x94F5, 0x94F5, 0x94F5, 0x94F5, 0x94F5, 0x94F5, 0x94F5, 0x94F5, 0x5B2D, 0x94F5, 0x94F5, 0x94F5,
    0x94F5, 0x94F5, 0x94F5, 0x94F5, 0x94F5, 0x94F5, 0x94F5, 0x94F5, 0x94F5, 0x94F5, 0x94F5, 0x94F5,
    0x94F5, 0x94F5, 0x94F5, 0x94F5, 0x94F5, 0x94F5, 0x94F5, 0x94F5, 0x94F5, 0x94F5, 0x94F5, 0x94F5,
    0x94F5, 0x94F5, 0x94F5, 0x94F5, 0x94F5, 0x94F5, 0x94F5, 0x94F5, 0x94F5, 0x94F5, 0x94F5, 0x94F5,
    0x94F5, 0x94F5, 0x94F5, 0x94F5, 0x94F5, 0x94F5, 0x94F5, 0x94F5, 0x94F5, 0x94F5, 0x94F5, 0x94F5,
    0x94F5, 0x5B2D, 0x94F5, 0x0000, 0x0882, 0x0882, 0x0882, 0x0882, 0x0882, 0x0882, 0x0882, 0x0882,
    0x0882, 0x0882, 0x0882, 0x0882, 0x0882, 0x0882, 0x0882, 0x0882, 0x0882, 0x0882, 0x0882, 0x0882,
    0x0882, 0x0882, 0x0882, 0x0882, 0x0882, 0x0882, 0x0882, 0x0882, 0x0882, 0x0882, 0x0882, 0x0882,
    0x0000, 0xBE19, 0xBE19, 0xBE19, 0xBE19, 0xBE19, 0xBE19, 0xBE19, 0xBE19, 0xBE19, 0xBE19, 0xBE19,
    0xBE19, 0xBE19, 0xBE19, 0xBE19, 0xBE19, 0xBE19, 0xBE19, 0xBE19, 0xBE19, 0x0000, 0x0000, 0x0000,
    0x0000, 0x0000, 0x0000, 0x2125, 0x2125, 0x2125, 0x2125, 0x2125, 0x2125, 0x2125, 0x2125, 0x2125,
    0x2125, 0x2125, 0x2125, 0x2125, 0x2125, 0x2125, 0x2125, 0x2125, 0x2125, 0x2125, 0x2125, 0x2125,
    0x94F5, 0x94F5, 0x94F5, 0x94F5, 0x94F5, 0x0000, 0x0882, 0x0882, 0x0882, 0x0882, 0x0882, 0x0882,
    0x0882, 0x0882, 0x0882, 0x0882, 0x0882, 0x0882, 0x0882, 0x0882, 0x0882, 0x0882, 0x0882, 0x0882,
    0x0882, 0x0882, 0x0882, 0x0882, 0x0882, 0x0882, 0x0882, 0x0882, 0x0882, 0x0882, 0x0882, 0x0882,
    0x0882, 0x0882, 0x0000, 0xD6DC, 0xD6DC, 0xD6DC, 0xD6DC, 0xD6DC, 0xD6DC, 0xD6DC, 0xD6DC, 0xD6DC,
    0xD6DC, 0xD6DC, 0xD6DC, 0xD6DC, 0xD6DC, 0xD6DC, 0xD6DC, 0xD6DC, 0xD6DC, 0xD6DC, 0xD6DC, 0xD6DC,
    0xD6DC, 0xD6DC, 0xD6DC, 0xD6DC, 0x5B2D, 0xD6DC, 0xD6DC, 0xD6DC, 0xD6DC, 0xD6DC, 0xD6DC, 0xD6DC,
    0xD6DC, 0xD6DC, 0xD6DC, 0xD6DC, 0xD6DC, 0xD6DC, 0xD6DC, 0xD6DC, 0xD6DC, 0xD6DC, 0xD6DC, 0xD6DC,
    0xD6DC, 0xD6DC, 0xD6DC, 0xD6DC, 0xD6DC, 0xD6DC, 0xD6DC, 0xD6DC, 0xD6DC, 0xD6DC, 0xD6DC, 0xD6DC,
    0xD6DC, 0xD6DC, 0xD6DC, 0xD6DC, 0xD6DC, 0xD6DC, 0xD6DC, 0xD6DC, 0xD6DC, 0xD6DC, 0xD6DC, 0xD6DC,
    0xD6DC, 0xD6DC, 0xD6DC, 0xD6DC, 0xD6DC, 0xD6DC, 0xD6DC, 0xD6DC, 0xD6DC, 0x5B2D, 0xD6DC, 0x5B2D,
    0x0882, 0x0882, 0x0882, 0x0882, 0x0882, 0x0882, 0x0882, 0x0882, 0x0882, 0x0882, 0x0882, 0x0882,
    0x0882, 0x0882, 0x0882, 0x0882, 0x0882, 0x0882, 0x0882, 0x0882, 0x0882, 0x0882, 0x0882, 0x0882,
    0x0882, 0x0882, 0x0882, 0x0882, 0x0882, 0x0882, 0x0882, 0x0882, 0x0000, 0x94F5, 0x94F5, 0x94F5,
    0x94F5, 0x94F5, 0x94F5, 0x94F5, 0x94F5, 0x94F5, 0x94F5, 0x94F5, 0xBE19, 0xBE19, 0xBE19, 0xBE19,
    0xBE19, 0xBE19, 0xBE19, 0xBE19, 0x0000, 0x0000, 0x0000, 0x0000, 0x0000, 0x0000, 0x0000, 0x0000,
    0x0000, 0x0000, 0x0000, 0x0000, 0x0000, 0x0000, 0x0000, 0x0000, 0x0000, 0x0000, 0x0000, 0x0000,
    0x5B2D, 0x5B2D, 0x5B2D, 0x5B2D, 0x5B2D, 0x5B2D, 0x5B2D, 0x5B2D, 0x5B2D, 0x5B2D, 0x5B2D, 0x5B2D,
    0x5B2D, 0x0882, 0x0882, 0x0882, 0x0882, 0x0882, 0x0882, 0x0882, 0x0882, 0x0882, 0x0882, 0x0882,
    0x0882, 0x0882, 0x0882, 0x0882, 0x0882, 0x0882, 0x0882, 0x0882, 0x0882, 0x0882, 0x0882, 0x0882,
    0x0882, 0x0882, 0x0882, 0x0882, 0x0882, 0x0882, 0x0882, 0x0882, 0x0882, 0x0882, 0x0882, 0x94F5,
    0x94F5, 0x94F5, 0x94F5, 0x94F5, 0x94F5, 0x94F5, 0x94F5, 0x94F5, 0x94F5, 0x94F5, 0x94F5, 0x94F5,
    0x94F5, 0x94F5, 0x94F5, 0x94F5, 0x94F5, 0x94F5, 0x94F5, 0x94F5, 0x94F5, 0x94F5, 0x94F5, 0x94F5,
    0x5B2D, 0x94F5, 0x94F5, 0x94F5, 0x94F5, 0x94F5, 0x94F5, 0x94F5, 0x94F5, 0x94F5, 0x94F5, 0x94F5,
    0x94F5, 0x94F5, 0x94F5, 0x94F5, 0x94F5, 0x94F5, 0x94F5, 0x94F5, 0x94F5, 0x94F5, 0x94F5, 0x94F5,
    0x94F5, 0x94F5, 0x94F5, 0x94F5, 0x94F5, 0x94F5, 0x94F5, 0x94F5, 0x94F5, 0x94F5, 0x94F5, 0x94F5,
    0x94F5, 0x94F5, 0x94F5, 0x94F5, 0x94F5, 0x94F5, 0x94F5, 0x94F5, 0x94F5, 0x94F5, 0x94F5, 0x94F5,
    0x94F5, 0x94F5, 0x94F5, 0x94F5, 0x94F5, 0x5B2D, 0x94F5, 0x0882, 0x0882, 0x0882, 0x0882, 0x0882,
    0x0882, 0x0882, 0x0882, 0x0882, 0x0882, 0x0882, 0x0882, 0x0882, 0x0882, 0x0882, 0x0882, 0x0882,
    0x0882, 0x0882, 0x0882, 0x0882, 0x0882, 0x0882, 0x0882, 0x0882, 0x0882, 0x0882, 0x0882, 0x0882,
    0x0882, 0x0882, 0x0882, 0x0882, 0x0882, 0x5B2D, 0x5B2D, 0x5B2D, 0x5B2D, 0x5B2D, 0x5B2D, 0x5B2D,
    0x2987, 0x2987, 0x2987, 0x2987, 0x2987, 0x2987, 0x2987, 0x2987, 0x2987, 0x2987, 0x2987, 0x2987,
    0x0000, 0x0000, 0x0000, 0x0000, 0x0000, 0x0000, 0x0000, 0x0000, 0x0000, 0x0000, 0x0000, 0x0000,
    0x0000, 0x0000, 0x0000, 0x0000, 0x0000, 0x0000, 0x0000, 0x0000, 0x0000, 0x0000, 0x0000, 0x0000,
    0x0000, 0x0000, 0x0000, 0x0000, 0x5B2D, 0x5B2D, 0x5B2D, 0x5B2D, 0x5B2D, 0x0882, 0x0882, 0x0882,
    0x0882, 0x0882, 0x0882, 0x0882, 0x0882, 0x0882, 0x0882, 0x0882, 0x0882, 0x0882, 0x0882, 0x0882,
    0x0882, 0x0882, 0x0882, 0x0882, 0x0882, 0x0882, 0x0882, 0x0882, 0x0882, 0x0882, 0x0882, 0x0882,
    0x0882, 0x0882, 0x0882, 0x0882, 0x0882, 0x0882, 0x0882, 0x7C31, 0x7C31, 0x7C31, 0x7C31, 0x7C31,
    0x7C31, 0x7C31, 0x7C31, 0x7C31, 0x7C31, 0x7C31, 0x7C31, 0x7C31, 0x7C31, 0x7C31, 0x7C31, 0x7C31,
    0x7C31, 0x7C31, 0x7C31, 0x7C31, 0x7C31, 0x7C31, 0x7C31, 0x7C31, 0x5B2D, 0x7C31, 0x7C31, 0x7C31,
    0x7C31, 0x7C31, 0x7C31, 0x7C31, 0x7C31, 0x7C31, 0x7C31, 0x7C31, 0x7C31, 0x7C31, 0x7C31, 0x7C31,
    0x7C31, 0x7C31, 0x7C31, 0x7C31, 0x7C31, 0x7C31, 0x7C31, 0x7C31, 0x7C31, 0x7C31, 0x7C31, 0x7C31,
    0x7C31, 0x7C31, 0x7C31, 0x7C31, 0x7C31, 0x7C31, 0x7C31, 0x7C31, 0x7C31, 0x7C31, 0x7C31, 0x7C31,
    0x7C31, 0x7C31, 0x7C31, 0x7C31, 0x7C31, 0x7C31, 0x7C31, 0x7C31, 0x7C31, 0x7C31, 0x7C31, 0x7C31,
    0x7C31, 0x5B2D, 0x7C31, 0x0882, 0x0882, 0x0882, 0x0882, 0x0882, 0x0882, 0x0882, 0x0882, 0x0882,
    0x0882, 0x0882, 0x0882, 0x0882, 0x0882, 0x0882, 0x0882, 0x0882, 0x0882, 0x0882, 0x0882, 0x0882,
    0x0882, 0x0882, 0x0882, 0x0882, 0x0882, 0x0882, 0x0882, 0x0882, 0x0882, 0x0882, 0x0882, 0x0882,
    0x0882, 0x5B2D, 0x2987, 0x2987, 0x2987, 0x2987, 0x2987, 0x2987, 0x2987, 0x2987, 0x2987, 0x2987,
    0x2987, 0x2987, 0x2987, 0x2987, 0x2987, 0x2987, 0x2987, 0x2987, 0x2987, 0x2987, 0x2987, 0x0000,
    0x0000, 0x0000, 0x0000, 0x0000, 0x0000, 0x0000, 0x0000, 0x0000, 0x0000, 0x0000, 0x0000, 0x0000,
    0x0000, 0x0000, 0x0000, 0x0000, 0x0000, 0x0000, 0x0000, 0x0000, 0x0000, 0x0000, 0x0000, 0x0000,
    0x0000, 0x0000, 0x0000, 0x0000, 0x0000, 0x0882, 0x0882, 0x0882, 0x0882, 0x0882, 0x0882, 0x0882,
    0x0882, 0x0882, 0x0882, 0x0882, 0x0882, 0x0882, 0x0882, 0x0882, 0x0882, 0x0882, 0x0882, 0x0882,
    0x0882, 0x0882, 0x0882, 0x0882, 0x0882, 0x0882, 0x0882, 0x0882, 0x0882, 0x0882, 0x0882, 0x0882,
    0x0882, 0x0882, 0x0882, 0x2125, 0x2125, 0x2125, 0x2125, 0x2125, 0x2125, 0x2125, 0x2125, 0x2125,
    0x2125, 0x2125, 0x2125, 0x2125, 0x2125, 0x2125, 0x2125, 0x2125, 0x2125, 0x2125, 0x2125, 0x2125,
    0x2125, 0x2125, 0x2125, 0x2125, 0x2125, 0x2125, 0x2125, 0x2125, 0x2125, 0x2125, 0x2125, 0x2125,
    0x2125, 0x2125, 0x2125, 0x2125, 0x2125, 0x2125, 0x2125, 0x2125, 0x2125, 0x2125, 0x2125, 0x2125,
    0x2125, 0x2125, 0x2125, 0x2125, 0x2125, 0x2125, 0x2125, 0x2125, 0x2125, 0x2125, 0x2125, 0x2125,
    0x2125, 0x2125, 0x2125, 0x2125, 0x2125, 0x2125, 0x2125, 0x2125, 0x2125, 0x2125, 0x2125, 0x2125,
    0x2125, 0x2125, 0x2125, 0x2125, 0x2125, 0x2125, 0x2125, 0x2125, 0x2125, 0x2125, 0x2125, 0x0882,
    0x0882, 0x0882, 0x0882, 0x0882, 0x0882, 0x0882, 0x0882, 0x0882, 0x0882, 0x0882, 0x0882, 0x0882,
    0x0882, 0x0882, 0x0882, 0x0882, 0x0882, 0x0882, 0x0882, 0x0882, 0x0882, 0x0882, 0x0882, 0x0882,
    0x0882, 0x0882, 0x0882, 0x0882, 0x0882, 0x0882, 0x0882, 0x0882, 0x0882, 0x0000, 0x0000, 0x0000,
    0x0000, 0x2125, 0x2125, 0x2125, 0x2125, 0x2125, 0x2125, 0x2125, 0x2125, 0x2125, 0x2125, 0x2125,
    0x2125, 0x2125, 0x2125, 0x2125, 0x2125, 0x0000, 0x0000, 0x0000, 0x0000, 0x0000, 0x0000, 0x0000,
    0x0000, 0x0000, 0x0000, 0x0000, 0x0000, 0x0000, 0x0000, 0x0000, 0x0000, 0x0000, 0x0000, 0x0000,
    0x0000, 0x0000, 0x0000, 0x0000, 0x0000, 0x0000, 0x0000, 0x0000, 0x0000, 0x0000, 0x0000, 0x0000,
    0x0000, 0x0882, 0x0882, 0x0882, 0x0882, 0x0882, 0x0882, 0x0882, 0x0882, 0x0882, 0x0882, 0x0882,
    0x0882, 0x0882, 0x0882, 0x0882, 0x0882, 0x0882, 0x0882, 0x0882, 0x0882, 0x0882, 0x0882, 0x0882,
    0x0882, 0x0882, 0x0882, 0x0882, 0x0882, 0x0882, 0x0882, 0x0882, 0x0882, 0x0882, 0x0882, 0x0000,
    0x0000, 0x0000, 0x2987, 0x2987, 0x2987, 0x2987, 0x2987, 0x2987, 0x2987, 0x2987, 0x2987, 0x2987,
    0x2987, 0x2987, 0x2987, 0x2987, 0x2987, 0x2987, 0x2987, 0x2987, 0x2987, 0x2987, 0x2987, 0x2987,
    0x2987, 0x2987, 0x2987, 0x2987, 0x2987, 0x2987, 0x2987, 0x2987, 0x2987, 0x2987, 0x2987, 0x2987,
    0x2987, 0x2987, 0x2987, 0x2987, 0x2987, 0x2987, 0x2987, 0x2987, 0x2987, 0x2987, 0x2987, 0x2987,
    0x2987, 0x2987, 0x2987, 0x2987, 0x2987, 0x2987, 0x2987, 0x2987, 0x2987, 0x2987, 0x2987, 0x2987,
    0x2987, 0x2987, 0x2987, 0x2987, 0x2987, 0x2987, 0x2987, 0x2987, 0x2987, 0x2987, 0x2987, 0x2987,
    0x2987, 0x2987, 0x2987, 0x2987, 0x2987, 0x0000, 0x0000, 0x0882, 0x0882, 0x0882, 0x0882, 0x0882,
    0x0882, 0x0882, 0x0882, 0x0882, 0x0882, 0x0882, 0x0882, 0x0882, 0x0882, 0x0882, 0x0882, 0x0882,
    0x0882, 0x0882, 0x0882, 0x0882, 0x0882, 0x0882, 0x0882, 0x0882, 0x0882, 0x0882, 0x0882, 0x0882,
    0x0882, 0x0882, 0x0882, 0x0882, 0x0882, 0x0000, 0x0000, 0x0000, 0x0000, 0x0000, 0x0000, 0x0000,
    0x0000, 0x0000, 0x0000, 0x0000, 0x0000, 0x0000, 0x0000, 0x0000, 0x0000, 0x0000, 0x0000, 0x0000,
    0x0000, 0x0000, 0x0000, 0x0000, 0x0000, 0x0000, 0x0000, 0x0000, 0x0000, 0x0000, 0x0000, 0x0000,
    0x0000, 0x0000, 0x0000, 0x0000, 0x0000, 0x0000, 0x0000, 0x0000, 0x0000, 0x0000, 0x0000, 0x0000,
    0x0000, 0x0000, 0x0000, 0x0000, 0x0000, 0x0000, 0x0000, 0x0000, 0x0000, 0x0000, 0x0882, 0x0882,
    0x0882, 0x0882, 0x0882, 0x0882, 0x0882, 0x0882, 0x0882, 0x0882, 0x0882, 0x0882, 0x0882, 0x0882,
    0x0882, 0x0882, 0x0882, 0x0882, 0x0882, 0x0882, 0x0882, 0x0882, 0x0882, 0x0882, 0x0882, 0x0882,
    0x0882, 0x0882, 0x0882, 0x0882, 0x0882, 0x0882, 0x0000, 0x0000, 0x0000, 0x0000, 0x0000, 0x0000,
    0x0000, 0x0000, 0x0000, 0x0000, 0x0000, 0x0000, 0x0000, 0x0000, 0x0000, 0x0000, 0x0000, 0x0000,
    0x0000, 0x0000, 0x0000, 0x0000, 0x0000, 0x0000, 0x0000, 0x0000, 0x0000, 0x0000, 0x0000, 0x0000,
    0x0000, 0x0000, 0x0000, 0x0000, 0x0000, 0x0000, 0x0000, 0x0000, 0x0000, 0x0000, 0x0000, 0x0000,
    0x0000, 0x0000, 0x0000, 0x0000, 0x0000, 0x0000, 0x0000, 0x0000, 0x0000, 0x0000, 0x0000, 0x0000,
    0x0000, 0x0000, 0x0000, 0x0000, 0x0000, 0x0000, 0x0000, 0x0000, 0x0000, 0x0000, 0x0000, 0x0000,
    0x0000, 0x0000, 0x0000, 0x0000, 0x0000, 0x0000, 0x0000, 0x0000, 0x0000, 0x0000, 0x0000, 0x0000,
    0x0000, 0x0000, 0x0000, 0x0000, 0x0882, 0x0882, 0x0882, 0x0882, 0x0882, 0x0882, 0x0882, 0x0882,
    0x0882, 0x0882, 0x0882, 0x0882, 0x0882, 0x0882, 0x0882, 0x0882, 0x0882, 0x0882, 0x0882, 0x0882,
    0x0882, 0x0882, 0x0882, 0x0882, 0x0882, 0x0882, 0x0882, 0x0882, 0x0882, 0x0882, 0x0882, 0x0882,
    0x0000, 0x0000, 0x0000, 0x0000, 0x0000, 0x0000, 0x0000, 0x0000, 0x0000, 0x0000, 0x0000, 0x0000,
    0x0000, 0x0000, 0x0000, 0x0000, 0x0000, 0x0000, 0x0000, 0x0000, 0x0000, 0x0000, 0x0000, 0x0000,
    0x0000, 0x0000, 0x0000, 0x0000, 0x0000, 0x0000, 0x0000, 0x0000, 0x0000, 0x0000, 0x0000, 0x0000,
    0x0000, 0x0000, 0x0000, 0x0000, 0x0000, 0x0000, 0x0000, 0x0000, 0x0000, 0x0000, 0x0000, 0x0000,
    0x0000, 0x0000, 0x0000, 0x0000, 0x0000, 0x0000, 0x0882, 0x0882, 0x0882, 0x0882, 0x0882, 0x0882,
    0x0882, 0x0882, 0x0882, 0x0882, 0x0882, 0x0882, 0x0882, 0x0882, 0x0882, 0x0882, 0x0882, 0x0882,
    0x0882, 0x0882, 0x0882, 0x0882, 0x0882, 0x0882, 0x0882, 0x0882, 0x0882, 0x0882, 0x0882, 0x0882,
    0x0882, 0x0882, 0x0000, 0x0000, 0x0000, 0x0000, 0x0000, 0x0000, 0x0000, 0x0000, 0x0000, 0x0000,
    0x0000, 0x0000, 0x0000, 0x0000, 0x0000, 0x0000, 0x0000, 0x0000, 0x0000, 0x0000, 0x0000, 0x0000,
    0x0000, 0x0000, 0x0000, 0x0000, 0x0000, 0x0000, 0x0000, 0x0000, 0x0000, 0x0000, 0x0000, 0x0000,
    0x0000, 0x0000, 0x0000, 0x0000, 0x0000, 0x0000, 0x0000, 0x0000, 0x0000, 0x0000, 0x0000, 0x0000,
    0x0000, 0x0000, 0x0000, 0x0000, 0x0000, 0x0000, 0x0000, 0x0000, 0x0000, 0x0000, 0x0000, 0x0000,
    0x0000, 0x0000, 0x0000, 0x0000, 0x0000, 0x0000, 0x0000, 0x0000, 0x0000, 0x0000, 0x0000, 0x0000,
    0x0000, 0x0000, 0x0000, 0x0000, 0x0000, 0x0000, 0x0000, 0x0000, 0x0000, 0x0000, 0x0000, 0x0000,
    0x0882, 0x0882, 0x0882, 0x0882, 0x0882, 0x0882, 0x0882, 0x0882, 0x0882, 0x0882, 0x0882, 0x0882,
    0x0882, 0x0882, 0x0882, 0x0882, 0x0882, 0x0882, 0x0882, 0x0882, 0x0882, 0x0882, 0x0882, 0x0882,
    0x0882, 0x0882, 0x0882, 0x0882, 0x0882, 0x0882, 0x0882, 0x0882, 0x0000, 0x0000, 0x0000, 0x0000,
    0x0000, 0x0000, 0x0000, 0x0000, 0x0000, 0x0000, 0x0000, 0x0000, 0x0000, 0x0000, 0x0000, 0x0000,
    0x0000, 0x0000, 0x0000, 0x0000, 0x0000, 0x0000, 0x0000, 0x0000, 0x0000, 0x0000, 0x0000, 0x0000,
    0x0000, 0x0000, 0x0000, 0x0000, 0x0000, 0x0000, 0x0000, 0x0000, 0x0000, 0x0000, 0x0000, 0x0000,
    0x0000, 0x0000, 0x0000, 0x0000, 0x0000, 0x0000, 0x0000, 0x0000, 0x0000, 0x0000, 0x0000, 0x0000,
    0x0000, 0x0000, 0x0882, 0x0882, 0x0882, 0x0882, 0x0882, 0x0882, 0x0882, 0x0882, 0x0882, 0x0882,
    0x0882, 0x0882, 0x0882, 0x0882, 0x0882, 0x0882, 0x0882, 0x0882, 0x0882, 0x0882, 0x0882, 0x0882,
    0x0882, 0x0882, 0x0882, 0x0882, 0x0882, 0x0882, 0x0882, 0x0882, 0x0882, 0x0882, 0x0000, 0x0000,
    0x0000, 0x0000, 0x0000, 0x0000, 0x0000, 0x0000, 0x0000, 0x0000, 0x0000, 0x0000, 0x0000, 0x0000,
    0x0000, 0x0000, 0x0000, 0x0000, 0x0000, 0x0000, 0x0000, 0x0000, 0x0000, 0x0000, 0x0000, 0x0000,
    0x0000, 0x0000, 0x0000, 0x0000, 0x0000, 0x0000, 0x0000, 0x0000, 0x0000, 0x0000, 0x0000, 0x0000,
    0x0000, 0x0000, 0x0000, 0x0000, 0x0000, 0x0000, 0x0000, 0x0000, 0x0000, 0x0000, 0x0000, 0x0000,
    0x0000, 0x0000, 0x0000, 0x0000, 0x0000, 0x0000, 0x0000, 0x0000, 0x0000, 0x0000, 0x0000, 0x0000,
    0x0000, 0x0000, 0x0000, 0x0000, 0x0000, 0x0000, 0x0000, 0x0000, 0x0000, 0x0000, 0x0000, 0x0000,
    0x0000, 0x0000, 0x0000, 0x0000, 0x0000, 0x0000, 0x0000, 0x0000, 0x0882, 0x0882, 0x0882, 0x0882,
    0x0882, 0x0882, 0x0882, 0x0882, 0x0882, 0x0882, 0x0882, 0x0882, 0x0882, 0x0882, 0x0882, 0x0882,
    0x0882, 0x0882, 0x0882, 0x0882, 0x0882, 0x0882, 0x0882, 0x0882, 0x0882, 0x0882, 0x0882, 0x0882,
    0x0882, 0x0882, 0x0882, 0x0882, 0x0000, 0x0000, 0x0000, 0x0000, 0x0000, 0x0000, 0x0000, 0x0000,
    0x0000, 0x0000, 0x0000, 0x0000, 0x0000, 0x0000, 0x0000, 0x0000, 0x0000, 0x0000, 0x0000, 0x0000,
    0x0000, 0x0000, 0x0000, 0x0000, 0x0000, 0x0000, 0x0000, 0x0000, 0x0000, 0x0000, 0x0000, 0x0000,
    0x0000, 0x0000, 0x0000, 0x0000, 0x0000, 0x0000, 0x0000, 0x0000, 0x0000, 0x0000, 0x0000, 0x0000,
    0x0000, 0x0000, 0x0000, 0x0000, 0x0000, 0x0000, 0x0000, 0x0000, 0x0000, 0x0000, 0x0000, 0x0000,
    0x0000, 0x0000, 0x0000, 0x0000, 0x0000, 0x0000, 0x0000, 0x0000, 0x0000, 0x0000, 0x0000, 0x0000,
    0x0000, 0x0000, 0x0000, 0x0000, 0x0000, 0x0000, 0x0000, 0x0000, 0x0000, 0x0000, 0x0000, 0x0000,
    0x0000, 0x0000, 0x0000, 0x0000, 0x0000, 0x0000, 0x0000, 0x0000, 0x0000, 0x0000, 0x0000, 0x0000,
    0x0000, 0x0000, 0x0000, 0x0000, 0x0000, 0x0000, 0x0000, 0x0000, 0x0000, 0x0000, 0x0000, 0x0000,
    0x0000, 0x0000, 0x0000, 0x0000, 0x0000, 0x0000, 0x0000, 0x0000, 0x0000, 0x0000, 0x0000, 0x0000,
    0x0000, 0x0000, 0x0000, 0x0000, 0x0000, 0x0000, 0x0000, 0x0000, 0x0000, 0x0000, 0x0000, 0x0000,
    0x0000, 0x0000, 0x0000, 0x0000, 0x0000, 0x0000, 0x0000, 0x0000, 0x0000, 0x0000, 0x0000, 0x0000,
    0x0000, 0x0000, 0x0000, 0x0000, 0x0000, 0x0000, 0x0000, 0x0000, 0x0000, 0x0000, 0x0000, 0x0000,
    0x0000, 0x0000, 0x0000, 0x0000, 0x0000, 0x0000, 0x0000, 0x0000, 0x0000, 0x0000, 0x0000, 0x0000,
    0x0000, 0x0000, 0x0000, 0x0000, 0x0000, 0x0000, 0x0000, 0x0000, 0x0000, 0x0000, 0x0000, 0x0000,
    0x0000, 0x0000, 0x0000, 0x0000, 0x0000, 0x0000, 0x0000, 0x0000, 0x0000, 0x0000, 0x0000, 0x0000,
    0x0000, 0x0000, 0x0000, 0x0000, 0x0000, 0x0000, 0x0000, 0x0000, 0x0000, 0x0000, 0x0000, 0x0000,
    0x0000, 0x0000, 0x0000, 0x0000, 0x0000, 0x0000, 0x0000, 0x0000, 0x0000, 0x0000, 0x0000, 0x0000,
    0x0000, 0x0000, 0x0000, 0x0000, 0x0000, 0x0000, 0x0000, 0x0000, 0x0000, 0x0000, 0x0000, 0x0000,
    0x0000, 0x0000, 0x0000, 0x0000, 0x0000, 0x0000, 0x0000, 0x0000, 0x0000, 0x0000, 0x0000, 0x0000,
    0x0000, 0x0000, 0x0000, 0x0000, 0x0000, 0x0000, 0x0000, 0x0000, 0x0000, 0x0000, 0x0000, 0x0000,
    0x0000, 0x0000, 0x0000, 0x0000, 0x0000, 0x0000, 0x0000, 0x0000, 0x0000, 0x0000, 0x0000, 0x0000,
    0x0000, 0x0000, 0x0000, 0x0000, 0x0000, 0x0000, 0x0000, 0x0000, 0x0000, 0x0000, 0x0000, 0x0000,
    0x0000, 0x0000, 0x0000, 0x0000, 0x0000, 0x0000, 0x0000, 0x0000, 0x0000, 0x0000, 0x0000, 0x0000,
    0x0000, 0x0000, 0x0000, 0x0000, 0x0000, 0x0000, 0x0000, 0x0000, 0x0000, 0x0000, 0x0000, 0x0000,
    0x0000, 0x0000, 0x0000, 0x0000, 0x0000, 0x0000, 0x0000, 0x0000, 0x0000, 0x0000, 0x0000, 0x0000,
    0x0000, 0x0000, 0x0000, 0x0000, 0x0000, 0x0000, 0x0000, 0x0000, 0x0000, 0x0000, 0x0000, 0x0000,
    0x0000, 0x0000, 0x0000, 0x0000, 0x0000, 0x0000, 0x0000, 0x0000, 0x0000, 0x0000, 0x0000, 0x0000,
    0x0000, 0x0000, 0x0000, 0x0000, 0x0000, 0x0000, 0x0000, 0x0000, 0x0000, 0x0000, 0x0000, 0x0000,
    0x0000, 0x0000, 0x0000, 0x0000, 0x0000, 0x0000, 0x0000, 0x0000, 0x0000, 0x0000, 0x0000, 0x0000,
    0x0000, 0x0000, 0x0000, 0x0000, 0x0000, 0x0000, 0x0000, 0x0000, 0x0000, 0x0000, 0x0000, 0x0000,
    0x0000, 0x0000, 0x0000, 0x0000, 0x0000, 0x0000, 0x0000, 0x0000, 0x0000, 0x0000, 0x0000, 0x0000,
    0x0000, 0x0000, 0x0000, 0x0000, 0x0000, 0x0000, 0x0000, 0x0000, 0x0000, 0x0000, 0x0000, 0x0000,
    0x0000, 0x0000, 0x0000, 0x0000, 0x0000, 0x0000, 0x0000, 0x0000, 0x0000, 0x0000, 0x0000, 0x0000,
    0x0000, 0x0000, 0x0000, 0x0000, 0x0000, 0x0000, 0x0000, 0x0000, 0x0000, 0x0000, 0x0000, 0x0000,
    0x0000, 0x0000, 0x0000, 0x0000, 0x0000, 0x0000, 0x0000, 0x0000, 0x0000, 0x0000, 0x0000, 0x0000,
    0x0000, 0x0000, 0x0000, 0x0000, 0x0000, 0x0000, 0x0000, 0x0000, 0x0000, 0x0000, 0x0000, 0x0000,
    0x0000, 0x0000, 0x0000, 0x0000, 0x0000, 0x0000, 0x0000, 0x0000, 0x0000, 0x0000, 0x0000, 0x0000,
    0x0000, 0x0000, 0x0000, 0x0000, 0x0000, 0x0000, 0x0000, 0x0000, 0x0000, 0x0000, 0x0000, 0x0000,
    0x0000, 0x0000, 0x0000, 0x0000, 0x0000, 0x0000, 0x0000, 0x0000, 0x0000, 0x0000, 0x0000, 0x0000,
    0x0000, 0x0000, 0x0000, 0x0000, 0x0000, 0x0000, 0x0000, 0x0000, 0x0000, 0x0000, 0x0000, 0x0000,
    0x0000, 0x0000, 0x0000, 0x0000, 0x0000, 0x0000, 0x0000, 0x0000, 0x0000, 0x0000, 0x0000, 0x0000,
    0x0000, 0x0000, 0x0000, 0x0000, 0x0000, 0x0000, 0x0000, 0x0000, 0x0000, 0x0000, 0x0000, 0x0000,
    0x0000, 0x0000, 0x0000, 0x0000, 0x0000, 0x0000, 0x0000, 0x0000, 0x0000, 0x0000, 0x0000, 0x0000,
    0x0000, 0x0000, 0x0000, 0x0000, 0x0000, 0x0000, 0x0000, 0x0000, 0x0000, 0x0000, 0x0000, 0x0000,
    0x0000, 0x0000, 0x0000, 0x0000, 0x0000, 0x0000, 0x0000, 0x0000, 0x0000, 0x0000, 0x0000, 0x0000,
    0x0000, 0x0000, 0x0000, 0x0000, 0x0000, 0x0000, 0x0000, 0x0000, 0x0000, 0x0000, 0x0000, 0x0000,
    0x0000, 0x0000, 0x0000, 0x0000, 0x0000, 0x0000, 0x0000, 0x0000, 0x0000, 0x0000, 0x0000, 0x0000,
    0x0000, 0x0000, 0x0000, 0x0000, 0x0000, 0x0000, 0x0000, 0x0000, 0x0000, 0x0000, 0x0000, 0x0000,
    0x0000, 0x0000, 0x0000, 0x0000, 0x0000, 0x0000, 0x0000, 0x0000, 0x0000, 0x0000, 0x0000, 0x0000,
    0x0000, 0x0000, 0x0000, 0x0000, 0x0000, 0x0000, 0x0000, 0x0000, 0x0000, 0x0000, 0x0000, 0x0000,
    0x0000, 0x0000, 0x0000, 0x0000, 0x0000, 0x0000, 0x0000, 0x0000, 0x0000, 0x0000, 0x0000, 0x0000,
    0x0000, 0x0000, 0x0000, 0x0000, 0x0000, 0x0000, 0x0000, 0x0000, 0x0000, 0x0000, 0x0000, 0x0000,
    0x0000, 0x0000, 0x0000, 0x0000, 0x0000, 0x0000, 0x0000, 0x0000, 0x0000, 0x0000, 0x0000, 0x0000,
    0x0000, 0x0000, 0x0000, 0x0000, 0x0000, 0x0000, 0x0000, 0x0000, 0x0000, 0x0000, 0x0000, 0x0000,
    0x0000, 0x0000, 0x0000, 0x0000, 0x0000, 0x0000, 0x0000, 0x0000, 0x0000, 0x0000, 0x0000, 0x0000,
    0x0000, 0x0000, 0x0000, 0x0000, 0x0000, 0x0000, 0x0000, 0x0000, 0x0000, 0x0000, 0x0000, 0x0000,
    0x0000, 0x0000, 0x0000, 0x0000, 0x0000, 0x0000, 0x0000, 0x0000, 0x0000, 0x0000, 0x0000, 0x0000,
    0x0000, 0x0000, 0x0000, 0x0000, 0x0000, 0x0000, 0x0000, 0x0000, 0x0000, 0x0000, 0x0000, 0x0000,
    0x0000, 0x0000, 0x0000, 0x0000, 0x0000, 0x0000, 0x0000, 0x0000, 0x0000, 0x0000, 0x0000, 0x0000,
    0x0000, 0x0000, 0x0000, 0x0000, 0x0000, 0x0000, 0x0000, 0x0000, 0x0000, 0x0000, 0x0000, 0x0000,
    0x0000, 0x0000, 0x0000, 0x0000, 0x0000, 0x0000, 0x0000, 0x0000, 0x0000, 0x0000, 0x0000, 0x0000,
    0x0000, 0x0000, 0x0000, 0x0000, 0x0000, 0x0000, 0x0000, 0x0000, 0x0000, 0x0000, 0x0000, 0x0000,
    0x0000, 0x0000, 0x0000, 0x0000, 0x0000, 0x0000, 0x0000, 0x0000, 0x0000, 0x0000, 0x0000, 0x0000,
    0x0000, 0x0000, 0x0000, 0x0000, 0x0000, 0x0000, 0x0000, 0x0000, 0x0000, 0x0000, 0x0000, 0x0000,
    0x0000, 0x0000, 0x0000, 0x0000, 0x0000, 0x0000, 0x0000, 0x0000, 0x0000, 0x0000, 0x0000, 0x0000,
    0x0000, 0x0000, 0x0000, 0x0000, 0x0000, 0x0000, 0x0000, 0x0000, 0x0000, 0x0000, 0x0000, 0x0000,
    0x0000, 0x0000, 0x0000, 0x0000, 0x0000, 0x0000, 0x0000, 0x0000, 0x0000, 0x0000, 0x0000, 0x0000,
    0x0000, 0x0000, 0x0000, 0x0000, 0x0000, 0x0000, 0x0000, 0x0000, 0x0000, 0x0000, 0x0000, 0x0000,
    0x0000, 0x0000, 0x0000, 0x0000, 0x0000, 0x0000, 0x0000, 0x0000, 0x0000, 0x0000, 0x0000, 0x0000,
    0x0000, 0x0000, 0x0000, 0x0000, 0x0000, 0x0000, 0x0000, 0x0000, 0x0000, 0x0000, 0x0000, 0x0000,
    0x0000, 0x0000, 0x0000, 0x0000, 0x0000, 0x0000, 0x0000, 0x0000, 0x0000, 0x0000, 0x0000, 0x0000,
    0x0000, 0x0000, 0x0000, 0x0000, 0x0000, 0x0000, 0x0000, 0x0000, 0x0000, 0x0000, 0x0000, 0x0000,
    0x0000, 0x0000, 0x0000, 0x0000, 0x0000, 0x0000, 0x0000, 0x0000, 0x0000, 0x0000, 0x0000, 0x0000,
    0x0000, 0x0000, 0x0000, 0x0000, 0x0000, 0x0000, 0x0000, 0x0000, 0x0000, 0x0000, 0x0000, 0x0000,
    0x0000, 0x0000, 0x0000, 0x0000, 0x0000, 0x0000, 0x0000, 0x0000, 0x0000, 0x0000, 0x0000, 0x0000,
    0x0000, 0x0000, 0x0000, 0x0000, 0x0000, 0x0000, 0x0000, 0x0000, 0x0000, 0x0000, 0x0000, 0x0000,
    0x0000, 0x0000, 0x0000, 0x0000, 0x0000, 0x0000, 0x0000, 0x0000, 0x0000, 0x0000, 0x0000, 0x0000,
    0x0000, 0x0000, 0x0000, 0x0000, 0x0000, 0x0000, 0x0000, 0x0000, 0x0000, 0x0000, 0x0000, 0x0000,
    0x0000, 0x0000, 0x0000, 0x0000, 0x0000, 0x0000, 0x0000, 0x0000, 0x0000, 0x0000, 0x0000, 0x0000,
    0x0000, 0x0000, 0x0000, 0x0000, 0x0000, 0x0000, 0x0000, 0x0000, 0x0000, 0x0000, 0x0000, 0x0000,
    0x0000, 0x0000, 0x0000, 0x0000, 0x0000, 0x0000, 0x0000, 0x0000, 0x0000, 0x0000, 0x0000, 0x0000,
    0x0000, 0x0000, 0x0000, 0x0000, 0x0000, 0x0000, 0x0000, 0x0000, 0x0000, 0x0000, 0x0000, 0x0000,
    0x0000, 0x0000, 0x0000, 0x0000, 0x0000, 0x0000, 0x0000, 0x0000, 0x0000, 0x0000, 0x0000, 0x0000,
    0x0000, 0x0000, 0x0000, 0x0000, 0x0000, 0x0000, 0x0000, 0x0000, 0x0000, 0x0000, 0x0000, 0x0000,
    0x0000, 0x0000, 0x0000, 0x0000, 0x0000, 0x0000, 0x0000, 0x0000, 0x0000, 0x0000, 0x0000, 0x0000,
    0x0000, 0x0000, 0x0000, 0x0000, 0x0000, 0x0000, 0x0000, 0x0000, 0x0000, 0x0000, 0x0000, 0x0000,
    0x0000, 0x0000, 0x0000, 0x0000, 0x0000, 0x0000, 0x0000, 0x0000, 0x0000, 0x0000, 0x0000, 0x0000,
    0x0000, 0x0000, 0x0000, 0x0000, 0x0000, 0x0000, 0x0000, 0x0000, 0x0000, 0x0000, 0x0000, 0x0000,
    0x0000, 0x0000, 0x0000, 0x0000, 0x0000, 0x0000, 0x0000, 0x0000, 0x0000, 0x0000, 0x0000, 0x0000,
    0x0000, 0x0000, 0x0000, 0x0000, 0x0000, 0x0000, 0x0000, 0x0000, 0x0000, 0x0000, 0x0000, 0x0000,
    0x0000, 0x0000, 0x0000, 0x0000, 0x0000, 0x0000, 0x0000, 0x0000, 0x0000, 0x0000, 0x0000, 0x0000,
    0x0000, 0x0000, 0x0000, 0x0000, 0x0000, 0x0000, 0x0000, 0x0000, 0x0000, 0x0000, 0x0000, 0x0000,
    0x0000, 0x0000, 0x0000, 0x0000, 0x0000, 0x0000, 0x0000, 0x0000, 0x0000, 0x0000, 0x0000, 0x0000,
    0x0000, 0x0000, 0x0000, 0x0000, 0x0000, 0x0000, 0x0000, 0x0000, 0x0000, 0x0000, 0x0000, 0x0000,
    0x0000, 0x0000, 0x0000, 0x0000, 0x0000, 0x0000, 0x0000, 0x0000, 0x0000, 0x0000, 0x0000, 0x0000,
    0x0000, 0x0000, 0x0000, 0x0000, 0x0000, 0x0000, 0x0000, 0x0000, 0x0000, 0x0000, 0x0000, 0x0000,
    0x0000, 0x0000, 0x0000, 0x0000, 0x0000, 0x0000, 0x0000, 0x0000, 0x0000, 0x0000, 0x0000, 0x0000,
    0x0000, 0x0000, 0x0000, 0x0000, 0x0000, 0x0000, 0x0000, 0x0000, 0x0000, 0x0000, 0x0000, 0x0000,
    0x0000, 0x0000, 0x0000, 0x0000, 0x0000, 0x0000, 0x0000, 0x0000, 0x0000, 0x0000, 0x0000, 0x0000,
    0x0000, 0x0000, 0x0000, 0x0000, 0x0000, 0x0000, 0x0000, 0x0000, 0x0000, 0x0000, 0x0000, 0x0000,
    0x0000, 0x0000, 0x0000, 0x0000, 0x0000, 0x0000, 0x0000, 0x0000, 0x0000, 0x0000, 0x0000, 0x0000,
    0x0000, 0x0000, 0x0000, 0x0000, 0x0000, 0x0000, 0x0000, 0x0000, 0x0000, 0x0000, 0x0000, 0x0000,
    0x0000, 0x0000, 0x0000, 0x0000, 0x0000, 0x0000, 0x0000, 0x0000, 0x0000, 0x0000, 0x0000, 0x0000,
    0x0000, 0x0000, 0x0000, 0x0000, 0x0000, 0x0000, 0x0000, 0x0000, 0x0000, 0x0000, 0x0000, 0x0000,
    0x0000, 0x0000, 0x0000, 0x0000, 0x0000, 0x0000, 0x0000, 0x0000, 0x0000, 0x0000, 0x0000, 0x0000,
    0x0000, 0x0000, 0x0000, 0x0000, 0x0000, 0x0000, 0x0000, 0x0000, 0x0000, 0x0000, 0x0000, 0x0000,
    0x0000, 0x0000, 0x0000, 0x0000, 0x0000, 0x0000, 0x0000, 0x0000, 0x0000, 0x0000, 0x0000, 0x0000,
    0x0000, 0x0000, 0x0000, 0x0000, 0x0000, 0x0000, 0x0000, 0x0000, 0x0000, 0x0000, 0x0000, 0x0000,
    0x0000, 0x0000, 0x0000, 0x0000, 0x0000, 0x0000, 0x0000, 0x0000, 0x0000, 0x0000, 0x0000, 0x0000,
    0x0000, 0x0000, 0x0000, 0x0000, 0x0000, 0x0000, 0x0000, 0x0000, 0x0000, 0x0000, 0x0000, 0x0000,
    0x0000, 0x0000, 0x0000, 0x0000, 0x0000, 0x0000, 0x0000, 0x0000, 0x0000, 0x0000, 0x0000, 0x0000,
    0x0000, 0x0000, 0x0000, 0x0000, 0x0000, 0x0000, 0x0000, 0x0000, 0x0000, 0x0000, 0x0000, 0x0000,
    0x0000, 0x0000, 0x0000, 0x0000, 0x0000, 0x0000, 0x0000, 0x0000, 0x0000, 0x0000, 0x0000, 0x0000,
    0x0000, 0x0000, 0x0000, 0x0000, 0x0000, 0x0000, 0x0000, 0x0000, 0x0000, 0x0000, 0x0000, 0x0000,
    0x0000, 0x0000, 0x0000, 0x0000, 0x0000, 0x0000, 0x0000, 0x0000, 0x0000, 0x0000, 0x0000, 0x0000,
    0x0000, 0x0000, 0x0000, 0x0000, 0x0000, 0x0000, 0x0000, 0x0000, 0x0000, 0x0000, 0x0000, 0x0000,
    0x0000, 0x0000, 0x0000, 0x0000, 0x0000, 0x0000, 0x0000, 0x0000, 0x0000, 0x0000, 0x0000, 0x0000,
    0x0000, 0x0000, 0x0000, 0x0000, 0x0000, 0x0000, 0x0000, 0x0000, 0x0000, 0x0000, 0x0000, 0x0000,
};
// Two 4-bit pixel kinds per byte, high nibble first (see car_sprite.h).
static const uint8_t CAR_KIND[6600] = {
    0x00, 0x00, 0x00, 0x00, 0x00, 0x00, 0x00, 0x00, 0x00, 0x00, 0x00, 0x00, 0x00, 0x00, 0x00, 0x00,
    0x00, 0x00, 0x00, 0x00, 0x00, 0x00, 0x00, 0x00, 0x00, 0x00, 0x00, 0x00, 0x00, 0x00, 0x00, 0x00,
    0x00, 0x00, 0x00, 0x00, 0x00, 0x00, 0x00, 0x03, 0x33, 0x30, 0x00, 0x00, 0x00, 0x00, 0x00, 0x00,
    0x00, 0x00, 0x00, 0x00, 0x00, 0x00, 0x00, 0x00, 0x00, 0x00, 0x00, 0x00, 0x00, 0x00, 0x00, 0x00,
    0x00, 0x00, 0x00, 0x00, 0x00, 0x00, 0x00, 0x00, 0x00, 0x00, 0x00, 0x00, 0x00, 0x00, 0x00, 0x00,
    0x00, 0x00, 0x00, 0x00, 0x00, 0x00, 0x00, 0x00, 0x00, 0x00, 0x00, 0x00, 0x00, 0x00, 0x00, 0x00,
    0x00, 0x00, 0x00, 0x00, 0x00, 0x00, 0x00, 0x00, 0x00, 0x00, 0x00, 0x00, 0x00, 0x00, 0x00, 0x00,
    0x00, 0x00, 0x00, 0x00, 0x00, 0x00, 0x00, 0x00, 0x00, 0x00, 0x00, 0x00, 0x00, 0x00, 0x00, 0x00,
    0x00, 0x00, 0x00, 0x00, 0x00, 0x00, 0x00, 0x00, 0x00, 0x11, 0x13, 0x33, 0x33, 0x31, 0x11, 0x11,
    0x11, 0x11, 0x11, 0x11, 0x11, 0x11, 0x11, 0x11, 0x11, 0x11, 0x11, 0x11, 0x11, 0x11, 0x00, 0x00,
    0x00, 0x00, 0x00, 0x00, 0x00, 0x00, 0x00, 0x00, 0x00, 0x00, 0x00, 0x00, 0x00, 0x00, 0x00, 0x00,
    0x00, 0x00, 0x00, 0x00, 0x00, 0x00, 0x00, 0x00, 0x00, 0x00, 0x00, 0x00, 0x00, 0x00, 0x00, 0x00,
    0x00, 0x00, 0x00, 0x00, 0x00, 0x00, 0x00, 0x00, 0x00, 0x00, 0x00, 0x00, 0x00, 0x00, 0x00, 0x00,
    0x00, 0x00, 0x00, 0x00, 0x00, 0x00, 0x00, 0x00, 0x00, 0x00, 0x00, 0x00, 0x00, 0x00, 0x00, 0x00,
    0x00, 0x00, 0x00, 0x00, 0x00, 0x00, 0x00, 0x00, 0x00, 0x11, 0x11, 0x11, 0x11, 0x11, 0x11, 0x11,
    0x11, 0x11, 0x11, 0x11, 0x11, 0x11, 0x11, 0x11, 0x11, 0x11, 0x11, 0x11, 0x11, 0x11, 0x11, 0x11,
    0x11, 0x00, 0x00, 0x00, 0x00, 0x00, 0x00, 0x00, 0x00, 0x00, 0x00, 0x00, 0x00, 0x00, 0x00, 0x00,
    0x00, 0x00, 0x00, 0x00, 0x00, 0x00, 0x00, 0x00, 0x00, 0x00, 0x00, 0x00, 0x00, 0x00, 0x00, 0x00,
    0x00, 0x00, 0x00, 0x00, 0x00, 0x00, 0x00, 0x00, 0x00, 0x00, 0x00, 0x00, 0x00, 0x00, 0x00, 0x00,
    0x00, 0x00, 0x00, 0x00, 0x00, 0x00, 0x00, 0x00, 0x00, 0x00, 0x00, 0x00, 0x00, 0x00, 0x00, 0x00,
    0x00, 0x00, 0x00, 0x00, 0x00, 0x00, 0x00, 0x00, 0x00, 0x00, 0x11, 0x11, 0x11, 0x11, 0x11, 0x11,
    0x11, 0x33, 0x33, 0x33, 0x33, 0x33, 0x33, 0x33, 0x33, 0x33, 0x33, 0x33, 0x33, 0x33, 0x33, 0x33,
    0x33, 0x31, 0x11, 0x11, 0x11, 0x11, 0x11, 0x00, 0x00, 0x00, 0x00, 0x00, 0x00, 0x00, 0x00, 0x00,
    0x00, 0x00, 0x00, 0x00, 0x00, 0x00, 0x00, 0x00, 0x00, 0x00, 0x00, 0x00, 0x00, 0x00, 0x00, 0x00,
    0x00, 0x00, 0x00, 0x00, 0x00, 0x00, 0x00, 0x00, 0x00, 0x00, 0x00, 0x00, 0x00, 0x00, 0x00, 0x00,
    0x00, 0x00, 0x00, 0x00, 0x00, 0x00, 0x00, 0x00, 0x00, 0x00, 0x00, 0x00, 0x00, 0x00, 0x00, 0x00,
    0x00, 0x00, 0x00, 0x00, 0x00, 0x00, 0x00, 0x00, 0x00, 0x00, 0x00, 0x01, 0x11, 0x11, 0x11, 0x11,
    0x11, 0x13, 0x33, 0x33, 0x33, 0x33, 0x33, 0x33, 0x33, 0x33, 0x33, 0x33, 0x33, 0x33, 0x33, 0x33,
    0x33, 0x33, 0x33, 0x33, 0x33, 0x33, 0x33, 0x33, 0x33, 0x11, 0x11, 0x11, 0x10, 0x00, 0x00, 0x00,
    0x00, 0x00, 0x00, 0x00, 0x00, 0x00, 0x00, 0x00, 0x00, 0x00, 0x00, 0x00, 0x00, 0x00, 0x00, 0x00,
    0x00, 0x00, 0x00, 0x00, 0x00, 0x00, 0x00, 0x00, 0x00, 0x00, 0x00, 0x00, 0x00, 0x00, 0x00, 0x00,
    0x00, 0x00, 0x00, 0x00, 0x00, 0x00, 0x00, 0x00, 0x00, 0x00, 0x00, 0x00, 0x00, 0x00, 0x00, 0x00,
    0x00, 0x00, 0x00, 0x00, 0x00, 0x00, 0x00, 0x00, 0x00, 0x00, 0x00, 0x00, 0x00, 0x00, 0x11, 0x11,
    0x31, 0x11, 0x11, 0x33, 0x33, 0x33, 0x33, 0x33, 0x33, 0x33, 0x33, 0x33, 0x33, 0x33, 0x33, 0x33,
    0x33, 0x33, 0x33, 0x33, 0x33, 0x33, 0x33, 0x33, 0x33, 0x33, 0x33, 0x33, 0x33, 0x33, 0x31, 0x11,
    0x11, 0x00, 0x00, 0x00, 0x00, 0x00, 0x00, 0x00, 0x00, 0x00, 0x00, 0x00, 0x00, 0x00, 0x00, 0x00,
    0x00, 0x00, 0x00, 0x00, 0x00, 0x00, 0x00, 0x00, 0x00, 0x00, 0x00, 0x00, 0x00, 0x00, 0x00, 0x00,
    0x00, 0x00, 0x00, 0x00, 0x00, 0x00, 0x00, 0x00, 0x00, 0x00, 0x00, 0x00, 0x00, 0x00, 0x00, 0x00,
    0x00, 0x00, 0x00, 0x00, 0x00, 0x00, 0x00, 0x00, 0x00, 0x00, 0x00, 0x00, 0x00, 0x00, 0x00, 0x00,
    0x01, 0x11, 0x11, 0x11, 0x33, 0x33, 0x33, 0x33, 0x33, 0x33, 0x33, 0x33, 0x33, 0x33, 0x33, 0x33,
    0x33, 0x33, 0x33, 0x33, 0x33, 0x33, 0x33, 0x33, 0x33, 0x33, 0x33, 0x33, 0x33, 0x33, 0x33, 0x33,
    0x33, 0x33, 0x33, 0x33, 0x11, 0x11, 0x00, 0x00, 0x00, 0x00, 0x00, 0x00, 0x00, 0x00, 0x00, 0x00,
    0x00, 0x00, 0x00, 0x00, 0x00, 0x00, 0x00, 0x00, 0x00, 0x00, 0x00, 0x00, 0x00, 0x00, 0x00, 0x00,
    0x00, 0x00, 0x00, 0x00, 0x00, 0x00, 0x00, 0x00, 0x00, 0x00, 0x00, 0x00, 0x00, 0x00, 0x00, 0x00,
    0x00, 0x00, 0x00, 0x00, 0x00, 0x00, 0x00, 0x00, 0x00, 0x00, 0x00, 0x00, 0x00, 0x00, 0x00, 0x00,
    0x00, 0x00, 0x00, 0x11, 0x11, 0x11, 0x11, 0x13, 0x33, 0x33, 0x33, 0x33, 0x33, 0x33, 0x33, 0x33,
    0x33, 0x33, 0x33, 0x33, 0x33, 0x33, 0x33, 0x33, 0x33, 0x33, 0x33, 0x33, 0x33, 0x33, 0x33, 0x33,
    0x33, 0x33, 0x33, 0x33, 0x33, 0x33, 0x33, 0x33, 0x31, 0x11, 0x10, 0x00, 0x00, 0x00, 0x00, 0x00,
    0x00, 0x00, 0x00, 0x00, 0x00, 0x00, 0x00, 0x00, 0x00, 0x00, 0x00, 0x00, 0x00, 0x00, 0x00, 0x00,
    0x00, 0x00, 0x00, 0x00, 0x00, 0x00, 0x00, 0x00, 0x00, 0x00, 0x00, 0x00, 0x00, 0x00, 0x00, 0x00,
    0x00, 0x00, 0x00, 0x00, 0x00, 0x00, 0x00, 0x00, 0x00, 0x00, 0x00, 0x00, 0x00, 0x00, 0x00, 0x00,
    0x00, 0x00, 0x00, 0x00, 0x00, 0x01, 0x11, 0x11, 0x11, 0x11, 0x13, 0x33, 0x33, 0x33, 0x33, 0x33,
    0x33, 0x33, 0x33, 0x33, 0x33, 0x33, 0x33, 0x33, 0x33, 0x33, 0x33, 0x33, 0x33, 0x33, 0x33, 0x33,
    0x33, 0x33, 0x33, 0x33, 0x33, 0x33, 0x33, 0x33, 0x33, 0x33, 0x33, 0x33, 0x33, 0x31, 0x11, 0x10,
    0x00, 0x00, 0x00, 0x00, 0x00, 0x00, 0x00, 0x00, 0x00, 0x00, 0x00, 0x00, 0x00, 0x00, 0x00, 0x00,
    0x00, 0x00, 0x00, 0x00, 0x00, 0x00, 0x00, 0x00, 0x00, 0x00, 0x00, 0x00, 0x00, 0x00, 0x00, 0x00,
    0x00, 0x00, 0x00, 0x00, 0x00, 0x00, 0x00, 0x00, 0x00, 0x00, 0x00, 0x00, 0x00, 0x00, 0x00, 0x00,
    0x00, 0x00, 0x00, 0x00, 0x00, 0x00, 0x00, 0x00, 0x11, 0x11, 0x11, 0x11, 0x11, 0x11, 0x33, 0x33,
    0x33, 0x33, 0x33, 0x33, 0x33, 0x33, 0x33, 0x33, 0x33, 0x33, 0x33, 0x33, 0x33, 0x33, 0x33, 0x33,
    0x33, 0x33, 0x33, 0x33, 0x33, 0x33, 0x33, 0x33, 0x33, 0x33, 0x33, 0x33, 0x33, 0x33, 0x33, 0x33,
    0x33, 0x33, 0x11, 0x11, 0x10, 0x00, 0x00, 0x00, 0x00, 0x00, 0x00, 0x00, 0x00, 0x00, 0x00, 0x00,
    0x00, 0x00, 0x00, 0x00, 0x00, 0x00, 0x00, 0x00, 0x00, 0x00, 0x00, 0x00, 0x00, 0x00, 0x00, 0x00,
    0x00, 0x00, 0x00, 0x00, 0x00, 0x00, 0x00, 0x00, 0x00, 0x00, 0x00, 0x00, 0x00, 0x00, 0x00, 0x00,
    0x00, 0x00, 0x00, 0x00, 0x00, 0x00, 0x00, 0x00, 0x00, 0x00, 0x00, 0x11, 0x11, 0x11, 0x11, 0x11,
    0x11, 0x33, 0x33, 0x33, 0x33, 0x33, 0x33, 0x33, 0x33, 0x33, 0x33, 0x33, 0x33, 0x33, 0x33, 0x33,
    0x33, 0x33, 0x33, 0x33, 0x33, 0x33, 0x33, 0x33, 0x33, 0x33, 0x33, 0x33, 0x33, 0x33, 0x33, 0x33,
    0x33, 0x33, 0x33, 0x33, 0x33, 0x33, 0x33, 0x11, 0x11, 0x00, 0x00, 0x00, 0x00, 0x00, 0x00, 0x00,
    0x00, 0x00, 0x00, 0x00, 0x00, 0x00, 0x00, 0x00, 0x00, 0x00, 0x00, 0x00, 0x00, 0x00, 0x00, 0x00,
    0x00, 0x00, 0x00, 0x00, 0x00, 0x00, 0x00, 0x00, 0x00, 0x00, 0x00, 0x00, 0x00, 0x00, 0x00, 0x00,
    0x00, 0x00, 0x00, 0x00, 0x00, 0x00, 0x00, 0x00, 0x00, 0x00, 0x00, 0x00, 0x00, 0x01, 0x11, 0x11,
    0x11, 0x11, 0x11, 0x11, 0x13, 0x33, 0x33, 0x33, 0x33, 0x33, 0x33, 0x33, 0x33, 0x33, 0x33, 0x33,
    0x33, 0x33, 0x33, 0x33, 0x33, 0x33, 0x33, 0x33, 0x33, 0x33, 0x33, 0x33, 0x33, 0x33, 0x33, 0x33,
    0x33, 0x33, 0x33, 0x33, 0x33, 0x33, 0x33, 0x33, 0x33, 0x33, 0x33, 0x31, 0x11, 0x11, 0x00, 0x00,
    0x00, 0x00, 0x00, 0x00, 0x00, 0x00, 0x00, 0x00, 0x00, 0x00, 0x00, 0x00, 0x00, 0x00, 0x00, 0x00,
    0x00, 0x00, 0x00, 0x00, 0x00, 0x00, 0x00, 0x00, 0x00, 0x00, 0x00, 0x00, 0x00, 0x00, 0x00, 0x00,
    0x00, 0x00, 0x00, 0x00, 0x00, 0x00, 0x00, 0x00, 0x00, 0x00, 0x00, 0x00, 0x00, 0x00, 0x00, 0x00,
    0x01, 0x11, 0x11, 0x11, 0x11, 0x11, 0x11, 0x11, 0x33, 0x33, 0x33, 0x33, 0x33, 0x33, 0x33, 0x33,
    0x33, 0x33, 0x33, 0x33, 0x33, 0x33, 0x33, 0x33, 0x33, 0x33, 0x33, 0x33, 0x33, 0x33, 0x33, 0x33,
    0x33, 0x33, 0x33, 0x33, 0x33, 0x33, 0x33, 0x33, 0x33, 0x33, 0x33, 0x33, 0x33, 0x33, 0x33, 0x33,
    0x31, 0x11, 0x10, 0x00, 0x00, 0x00, 0x00, 0x00, 0x00, 0x00, 0x00, 0x00, 0x00, 0x00, 0x00, 0x00,
    0x00, 0x00, 0x00, 0x00, 0x00, 0x00, 0x00, 0x00, 0x00, 0x00, 0x00, 0x00, 0x00, 0x00, 0x00, 0x00,
    0x00, 0x00, 0x00, 0x00, 0x00, 0x00, 0x00, 0x00, 0x00, 0x00, 0x00, 0x00, 0x00, 0x00, 0x00, 0x00,
    0x00, 0x00, 0x00, 0x11, 0x11, 0x11, 0x11, 0x11, 0x11, 0x11, 0x11, 0x33, 0x33, 0x33, 0x33, 0x33,
    0x33, 0x33, 0x33, 0x33, 0x33, 0x33, 0x33, 0x33, 0x33, 0x33, 0x33, 0x33, 0x33, 0x33, 0x33, 0x33,
    0x33, 0x33, 0x33, 0x33, 0x33, 0x33, 0x33, 0x33, 0x33, 0x33, 0x33, 0x33, 0x33, 0x33, 0x33, 0x33,
    0x33, 0x33, 0x33, 0x33, 0x33, 0x11, 0x11, 0x10, 0x00, 0x00, 0x00, 0x00, 0x00, 0x00, 0x00, 0x00,
    0x00, 0x00, 0x00, 0x00, 0x00, 0x00, 0x00, 0x00, 0x00, 0x00, 0x00, 0x00, 0x00, 0x00, 0x00, 0x00,
    0x00, 0x00, 0x00, 0x00, 0x00, 0x00, 0x00, 0x00, 0x00, 0x11, 0x11, 0x11, 0x11, 0x11, 0x00, 0x00,
    0x00, 0x00, 0x00, 0x00, 0x00, 0x00, 0x11, 0x11, 0x11, 0x11, 0x11, 0x11, 0x11, 0x11, 0x13, 0x33,
    0x33, 0x33, 0x33, 0x33, 0x33, 0x33, 0x33, 0x33, 0x33, 0x33, 0x33, 0x33, 0x33, 0x33, 0x33, 0x33,
    0x33, 0x33, 0x33, 0x33, 0x33, 0x33, 0x33, 0x33, 0x33, 0x33, 0x33, 0x33, 0x33, 0x33, 0x33, 0x33,
    0x33, 0x33, 0x33, 0x33, 0x33, 0x33, 0x33, 0x33, 0x33, 0x33, 0x11, 0x11, 0x00, 0x00, 0x00, 0x00,
    0x00, 0x00, 0x00, 0x00, 0x00, 0x00, 0x00, 0x00, 0x00, 0x00, 0x00, 0x00, 0x00, 0x00, 0x00, 0x00,
    0x00, 0x00, 0x00, 0x00, 0x00, 0x00, 0x00, 0x00, 0x00, 0x00, 0x00, 0x00, 0x00, 0x11, 0x11, 0x11,
    0x10, 0x00, 0x00, 0x00, 0x00, 0x00, 0x00, 0x00, 0x01, 0x11, 0x11, 0x11, 0x11, 0x11, 0x11, 0x11,
    0x11, 0x11, 0x11, 0x11, 0x11, 0x11, 0x11, 0x33, 0x33, 0x33, 0x33, 0x33, 0x33, 0x33, 0x33, 0x33,
    0x33, 0x33, 0x33, 0x33, 0x33, 0x33, 0x33, 0x33, 0x33, 0x33, 0x33, 0x33, 0x33, 0x33, 0x33, 0x33,
    0x33, 0x33, 0x33, 0x33, 0x33, 0x33, 0x33, 0x33, 0x33, 0x33, 0x33, 0x33, 0x33, 0x33, 0x31, 0x11,
    0x11, 0x00, 0x00, 0x00, 0x00, 0x00, 0x00, 0x00, 0x00, 0x00, 0x00, 0x00, 0x00, 0x00, 0x00, 0x00,
    0x00, 0x00, 0x00, 0x00, 0x00, 0x00, 0x00, 0x00, 0x00, 0x00, 0x00, 0x00, 0x00, 0x00, 0x00, 0x00,
    0x01, 0x11, 0x11, 0x11, 0x11, 0x11, 0x11, 0x10, 0x00, 0x01, 0x11, 0x11, 0x11, 0x11, 0x11, 0x11,
    0x11, 0x11, 0x11, 0x11, 0x11, 0x12, 0x13, 0x33, 0x33, 0x33, 0x33, 0x33, 0x33, 0x33, 0x33, 0x11,
    0x11, 0x11, 0x11, 0x11, 0x13, 0x33, 0x33, 0x33, 0x33, 0x33, 0x33, 0x33, 0x33, 0x33, 0x33, 0x33,
    0x33, 0x33, 0x33, 0x33, 0x33, 0x33, 0x33, 0x33, 0x33, 0x33, 0x33, 0x33, 0x33, 0x33, 0x33, 0x33,
    0x33, 0x33, 0x33, 0x31, 0x11, 0x11, 0x10, 0x00, 0x00, 0x00, 0x00, 0x00, 0x00, 0x00, 0x00, 0x00,
    0x00, 0x00, 0x00, 0x00, 0x00, 0x00, 0x00, 0x00, 0x00, 0x00, 0x00, 0x00, 0x00, 0x00, 0x00, 0x00,
    0x00, 0x00, 0x00, 0x00, 0x00, 0x11, 0x11, 0x11, 0x11, 0x11, 0x11, 0x11, 0x11, 0x11, 0x11, 0x11,
    0x11, 0x11, 0x11, 0x11, 0x11, 0x11, 0x11, 0x11, 0x11, 0x12, 0x11, 0x11, 0x11, 0x11, 0x11, 0x11,
    0x11, 0x11, 0x11, 0x33, 0x33, 0x33, 0x33, 0x33, 0x33, 0x33, 0x33, 0x33, 0x31, 0x11, 0x11, 0x33,
    0x33, 0x11, 0x33, 0x33, 0x33, 0x33, 0x33, 0x33, 0x33, 0x33, 0x33, 0x33, 0x33, 0x33, 0x33, 0x33,
    0x33, 0x33, 0x33, 0x33, 0x33, 0x33, 0x33, 0x31, 0x11, 0x11, 0x11, 0x10, 0x00, 0x00, 0x00, 0x00,
    0x00, 0x00, 0x00, 0x00, 0x00, 0x00, 0x00, 0x00, 0x00, 0x00, 0x00, 0x00, 0x00, 0x00, 0x00, 0x00,
    0x00, 0x00, 0x00, 0x00, 0x00, 0x00, 0x00, 0x00, 0x00, 0x11, 0x11, 0x11, 0x11, 0x11, 0x11, 0x11,
    0x11, 0x11, 0x11, 0x11, 0x11, 0x11, 0x11, 0x11, 0x11, 0x11, 0x11, 0x11, 0x11, 0x12, 0x11, 0x11,
    0x11, 0x11, 0x11, 0x11, 0x11, 0x11, 0x11, 0x11, 0x11, 0x11, 0x11, 0x11, 0x11, 0x11, 0x11, 0x11,
    0x13, 0x33, 0x33, 0x33, 0x23, 0x33, 0x33, 0x33, 0x33, 0x33, 0x11, 0x11, 0x11, 0x11, 0x11, 0x11,
    0x33, 0x33, 0x33, 0x33, 0x33, 0x33, 0x33, 0x33, 0x33, 0x33, 0x33, 0x31, 0x11, 0x11, 0x11, 0x10,
    0x00, 0x00, 0x00, 0x00, 0x00, 0x00, 0x00, 0x00, 0x00, 0x00, 0x00, 0x00, 0x00, 0x00, 0x00, 0x00,
    0x00, 0x00, 0x00, 0x00, 0x00, 0x00, 0x00, 0x00, 0x00, 0x00, 0x00, 0x00, 0x00, 0x11, 0x11, 0x11,
    0x11, 0x11, 0x11, 0x11, 0x11, 0x11, 0x11, 0x11, 0x11, 0x11, 0x11, 0x11, 0x22, 0x22, 0x22, 0x21,
    0x11, 0x12, 0x11, 0x11, 0x11, 0x11, 0x11, 0x11, 0x11, 0x11, 0x11, 0x11, 0x11, 0x11, 0x11, 0x11,
    0x11, 0x11, 0x11, 0x11, 0x11, 0x11, 0x11, 0x11, 0x21, 0x11, 0x11, 0x11, 0x11, 0x11, 0x33, 0x33,
    0x33, 0x33, 0x33, 0x33, 0x33, 0x33, 0x33, 0x31, 0x11, 0x11, 0x11, 0x11, 0x11, 0x13, 0x33, 0x31,
    0x11, 0x11, 0x13, 0x11, 0x00, 0x01, 0x11, 0x11, 0x11, 0x11, 0x11, 0x11, 0x11, 0x10, 0x00, 0x00,
    0x00, 0x00, 0x00, 0x00, 0x00, 0x00, 0x00, 0x00, 0x00, 0x00, 0x00, 0x00, 0x00, 0x00, 0x00, 0x00,
    0x00, 0x11, 0x11, 0x11, 0x11, 0x11, 0x11, 0x11, 0x11, 0x11, 0x11, 0x11, 0x11, 0x11, 0x11, 0x11,
    0x21, 0x11, 0x11, 0x21, 0x11, 0x12, 0x11, 0x11, 0x11, 0x11, 0x11, 0x11, 0x11, 0x11, 0x11, 0x11,
    0x11, 0x11, 0x11, 0x11, 0x11, 0x11, 0x11, 0x11, 0x11, 0x11, 0x11, 0x11, 0x21, 0x11, 0x11, 0x11,
    0x11, 0x11, 0x11, 0x11, 0x11, 0x11, 0x11, 0x11, 0x11, 0x11, 0x11, 0x13, 0x33, 0x33, 0x33, 0x33,
    0x33, 0x33, 0x33, 0x31, 0x11, 0x11, 0x13, 0x11, 0x11, 0x11, 0x11, 0x11, 0x11, 0x11, 0x11, 0x11,
    0x11, 0x11, 0x11, 0x11, 0x11, 0x11, 0x11, 0x11, 0x00, 0x00, 0x00, 0x00, 0x00, 0x00, 0x00, 0x00,
    0x00, 0x00, 0x00, 0x00, 0x01, 0x11, 0x11, 0x11, 0x11, 0x11, 0x11, 0x11, 0x11, 0x11, 0x11, 0x11,
    0x11, 0x11, 0x11, 0x11, 0x21, 0x11, 0x11, 0x21, 0x11, 0x12, 0x11, 0x11, 0x11, 0x11, 0x11, 0x11,
    0x11, 0x11, 0x11, 0x11, 0x11, 0x11, 0x11, 0x11, 0x11, 0x11, 0x11, 0x11, 0x11, 0x11, 0x11, 0x11,
    0x21, 0x11, 0x11, 0x11, 0x11, 0x11, 0x11, 0x11, 0x11, 0x11, 0x11, 0x11, 0x11, 0x11, 0x11, 0x11,
    0x11, 0x11, 0x11, 0x11, 0x11, 0x11, 0x11, 0x11, 0x33, 0x33, 0x33, 0x11, 0x11, 0x11, 0x11, 0x11,
    0x11, 0x11, 0x11, 0x11, 0x11, 0x11, 0x11, 0x11, 0x11, 0x11, 0x11, 0x11, 0x11, 0x11, 0x10, 0x00,
    0x00, 0x00, 0x00, 0x00, 0x00, 0x00, 0x00, 0x00, 0x01, 0x55, 0x55, 0x51, 0x11, 0x11, 0x11, 0x11,
    0x11, 0x11, 0x11, 0x11, 0x11, 0x11, 0x11, 0x11, 0x21, 0x11, 0x11, 0x21, 0x11, 0x12, 0x11, 0x11,
    0x11, 0x11, 0x11, 0x11, 0x11, 0x11, 0x11, 0x11, 0x11, 0x11, 0x11, 0x11, 0x11, 0x11, 0x11, 0x11,
    0x11, 0x11, 0x11, 0x11, 0x21, 0x11, 0x11, 0x11, 0x11, 0x11, 0x11, 0x11, 0x11, 0x11, 0x11, 0x11,
    0x11, 0x11, 0x11, 0x11, 0x11, 0x11, 0x11, 0x11, 0x11, 0x11, 0x11, 0x11, 0x11, 0x11, 0x13, 0x11,
    0x11, 0x11, 0x11, 0x11, 0x11, 0x11, 0x11, 0x11, 0x11, 0x11, 0x11, 0x11, 0x11, 0x11, 0x11, 0x11,
    0x11, 0x11, 0x11, 0x11, 0x10, 0x00, 0x00, 0x00, 0x00, 0x00, 0x00, 0x00, 0x05, 0x55, 0x55, 0x55,
    0x55, 0x55, 0x55, 0x55, 0x55, 0x11, 0x11, 0x11, 0x11, 0x11, 0x11, 0x11, 0x21, 0x11, 0x11, 0x21,
    0x11, 0x12, 0x11, 0x11, 0x11, 0x11, 0x11, 0x11, 0x11, 0x11, 0x11, 0x11, 0x11, 0x11, 0x11, 0x11,
    0x11, 0x11, 0x11, 0x11, 0x11, 0x11, 0x11, 0x11, 0x21, 0x11, 0x11, 0x11, 0x11, 0x11, 0x11, 0x11,
    0x11, 0x11, 0x11, 0x11, 0x11, 0x11, 0x11, 0x11, 0x11, 0x11, 0x11, 0x11, 0x11, 0x11, 0x11, 0x11,
    0x11, 0x11, 0x12, 0x11, 0x11, 0x11, 0x11, 0x11, 0x11, 0x11, 0x11, 0x11, 0x11, 0x11, 0x11, 0x11,
    0x11, 0x11, 0x11, 0x11, 0x11, 0x11, 0x11, 0x11, 0x11, 0x10, 0x00, 0x00, 0x00, 0x00, 0x00, 0x00,
    0x55, 0x55, 0x55, 0x55, 0x55, 0x55, 0x55, 0x55, 0x55, 0x51, 0x11, 0x11, 0x11, 0x11, 0x11, 0x11,
    0x22, 0x22, 0x22, 0x21, 0x11, 0x12, 0x11, 0x11, 0x11, 0x11, 0x11, 0x11, 0x11, 0x11, 0x11, 0x11,
    0x11, 0x11, 0x11, 0x11, 0x11, 0x11, 0x11, 0x11, 0x11, 0x11, 0x11, 0x11, 0x21, 0x11, 0x11, 0x11,
    0x11, 0x11, 0x11, 0x11, 0x11, 0x11, 0x11, 0x11, 0x11, 0x11, 0x11, 0x11, 0x11, 0x11, 0x11, 0x11,
    0x11, 0x11, 0x11, 0x11, 0x11, 0x11, 0x12, 0x11, 0x11, 0x11, 0x11, 0x11, 0x11, 0x11, 0x11, 0x11,
    0x11, 0x11, 0x11, 0x11, 0x11, 0x11, 0x11, 0x11, 0x11, 0x11, 0x11, 0x11, 0x11, 0x11, 0x10, 0x00,
    0x00, 0x00, 0x00, 0x00, 0x55, 0x55, 0x55, 0x55, 0x55, 0x55, 0x55, 0x55, 0x55, 0x55, 0x11, 0x11,
    0x11, 0x11, 0x11, 0x11, 0x11, 0x11, 0x11, 0x11, 0x11, 0x12, 0x11, 0x11, 0x11, 0x11, 0x11, 0x11,
    0x11, 0x11, 0x11, 0x11, 0x11, 0x11, 0x11, 0x11, 0x11, 0x11, 0x11, 0x11, 0x11, 0x11, 0x11, 0x11,
    0x21, 0x11, 0x11, 0x11, 0x11, 0x11, 0x11, 0x11, 0x11, 0x11, 0x11, 0x11, 0x11, 0x11, 0x11, 0x11,
    0x11, 0x11, 0x11, 0x11, 0x11, 0x11, 0x11, 0x11, 0x11, 0x11, 0x12, 0x11, 0x11, 0x11, 0x11, 0x11,
    0x11, 0x11, 0x11, 0x11, 0x11, 0x11, 0x13, 0x31, 0x11, 0x11, 0x11, 0x11, 0x11, 0x11, 0x11, 0x11,
    0x11, 0x11, 0x11, 0x10, 0x00, 0x00, 0x00, 0x00, 0x55, 0x55, 0x55, 0x55, 0x55, 0x55, 0x55, 0x55,
    0x55, 0x55, 0x11, 0x11, 0x11, 0x11, 0x11, 0x11, 0x11, 0x11, 0x11, 0x11, 0x11, 0x12, 0x11, 0x11,
    0x11, 0x11, 0x11, 0x11, 0x11, 0x11, 0x11, 0x11, 0x11, 0x11, 0x11, 0x11, 0x11, 0x11, 0x11, 0x11,
    0x11, 0x11, 0x11, 0x11, 0x21, 0x11, 0x11, 0x11, 0x11, 0x11, 0x11, 0x11, 0x11, 0x11, 0x11, 0x11,
    0x11, 0x11, 0x11, 0x11, 0x11, 0x11, 0x11, 0x11, 0x11, 0x11, 0x11, 0x11, 0x22, 0x22, 0x22, 0x22,
    0x22, 0x22, 0x22, 0x22, 0x22, 0x22, 0x22, 0x22, 0x22, 0x22, 0x22, 0x44, 0x44, 0x33, 0x33, 0x33,
    0x32, 0x22, 0x22, 0x22, 0x22, 0x22, 0x22, 0x22, 0x20, 0x00, 0x00, 0x00, 0x25, 0x55, 0x55, 0x55,
    0x55, 0x55, 0x55, 0x55, 0x55, 0x52, 0x22, 0x22, 0x22, 0x22, 0x22, 0x22, 0x22, 0x22, 0x22, 0x22,
    0x22, 0x22, 0x22, 0x22, 0x22, 0x23, 0x33, 0x33, 0x33, 0x22, 0x22, 0x22, 0x22, 0x22, 0x22, 0x22,
    0x22, 0x22, 0x22, 0x22, 0x22, 0x22, 0x22, 0x22, 0x22, 0x22, 0x22, 0x22, 0x23, 0x33, 0x33, 0x33,
    0x22, 0x22, 0x22, 0x22, 0x22, 0x22, 0x22, 0x22, 0x22, 0x22, 0x22, 0x22, 0x22, 0x22, 0x22, 0x22,
    0x22, 0x22, 0x22, 0x22, 0x22, 0x22, 0x22, 0x22, 0x22, 0x22, 0x22, 0x22, 0x22, 0x22, 0x22, 0x22,
    0x23, 0x44, 0x44, 0x44, 0x44, 0x33, 0x33, 0x33, 0x33, 0x22, 0x22, 0x22, 0x22, 0x00, 0x00, 0x00,
    0x25, 0x55, 0x55, 0x55, 0x55, 0x55, 0x55, 0x55, 0x55, 0x22, 0x22, 0x22, 0x22, 0x22, 0x22, 0x22,
    0x22, 0x22, 0x22, 0x22, 0x22, 0x22, 0x22, 0x22, 0x22, 0x22, 0x22, 0x22, 0x22, 0x22, 0x22, 0x22,
    0x22, 0x22, 0x22, 0x22, 0x22, 0x22, 0x22, 0x22, 0x22, 0x22, 0x22, 0x22, 0x22, 0x22, 0x22, 0x22,
    0x22, 0x22, 0x22, 0x22, 0x22, 0x22, 0x22, 0x22, 0x22, 0x22, 0x22, 0x22, 0x22, 0x22, 0x22, 0x22,
    0x22, 0x22, 0x22, 0x22, 0x22, 0x22, 0x22, 0x22, 0x22, 0x22, 0x22, 0x22, 0x22, 0x22, 0x22, 0x22,
    0x22, 0x22, 0x22, 0x22, 0x22, 0x22, 0x33, 0x33, 0x33, 0x44, 0x44, 0x44, 0x43, 0x33, 0x33, 0x32,
    0x22, 0x20, 0x00, 0x00, 0x22, 0x22, 0x22, 0x22, 0x22, 0x22, 0x22, 0x22, 0x22, 0x22, 0x22, 0x22,
    0x22, 0x22, 0x22, 0x22, 0x22, 0x22, 0x22, 0x22, 0x22, 0x22, 0x22, 0x22, 0x22, 0x22, 0x22, 0x22,
    0x22, 0x22, 0x22, 0x22, 0x22, 0x22, 0x22, 0x22, 0x22, 0x22, 0x22, 0x22, 0x22, 0x22, 0x22, 0x22,
    0x22, 0x22, 0x22, 0x22, 0x22, 0x22, 0x22, 0x22, 0x22, 0x22, 0x22, 0x22, 0x22, 0x22, 0x22, 0x22,
    0x22, 0x22, 0x22, 0x22, 0x22, 0x22, 0x22, 0x22, 0x22, 0x22, 0x22, 0x22, 0x22, 0x22, 0x22, 0x22,
    0x22, 0x22, 0x22, 0x22, 0x22, 0x22, 0x22, 0x22, 0x22, 0x22, 0x22, 0x33, 0x33, 0x33, 0x44, 0x34,
    0x44, 0x44, 0x44, 0x44, 0x33, 0x33, 0x00, 0x00, 0x22, 0x22, 0x22, 0x22, 0x22, 0x22, 0x22, 0x22,
    0x22, 0x22, 0x22, 0x22, 0x22, 0x22, 0x22, 0x22, 0x22, 0x22, 0x22, 0x22, 0x22, 0x22, 0x22, 0x22,
    0x22, 0x22, 0x22, 0x22, 0x22, 0x22, 0x22, 0x22, 0x22, 0x22, 0x22, 0x22, 0x22, 0x22, 0x22, 0x22,
    0x22, 0x22, 0x22, 0x22, 0x22, 0x22, 0x22, 0x22, 0x22, 0x22, 0x22, 0x22, 0x22, 0x22, 0x22, 0x22,
    0x22, 0x22, 0x22, 0x22, 0x22, 0x22, 0x22, 0x22, 0x22, 0x22, 0x22, 0x22, 0x22, 0x22, 0x22, 0x22,
    0x22, 0x22, 0x22, 0x22, 0x22, 0x22, 0x22, 0x22, 0x22, 0x22, 0x22, 0x22, 0x22, 0x22, 0x22, 0x22,
    0x33, 0x33, 0x33, 0x33, 0x33, 0x44, 0x34, 0x43, 0x44, 0x44, 0x44, 0x00, 0x22, 0x22, 0x22, 0x22,
    0x22, 0x22, 0x22, 0x22, 0x22, 0x22, 0x22, 0x22, 0x22, 0x22, 0x22, 0x22, 0x22, 0x22, 0x22, 0x22,
    0x22, 0x22, 0x22, 0x22, 0x22, 0x22, 0x22, 0x22, 0x22, 0x22, 0x22, 0x22, 0x22, 0x22, 0x22, 0x22,
    0x22, 0x22, 0x22, 0x22, 0x22, 0x22, 0x22, 0x22, 0x22, 0x22, 0x22, 0x22, 0x22, 0x22, 0x22, 0x22,
    0x22, 0x22, 0x22, 0x22, 0x22, 0x22, 0x22, 0x22, 0x22, 0x22, 0x22, 0x22, 0x22, 0x22, 0x22, 0x22,
    0x22, 0x22, 0x22, 0x22, 0x22, 0x22, 0x22, 0x22, 0x22, 0x22, 0x22, 0x22, 0x22, 0x22, 0x22, 0x22,
    0x22, 0x22, 0x22, 0x22, 0x22, 0x22, 0x33, 0x33, 0x33, 0x33, 0x33, 0x33, 0x44, 0x34, 0x43, 0x00,
    0x22, 0x22, 0x22, 0x22, 0x22, 0x22, 0x22, 0x22, 0x22, 0x22, 0x22, 0x22, 0x22, 0x22, 0x22, 0x22,
    0x22, 0x22, 0x22, 0x22, 0x22, 0x22, 0x22, 0x22, 0x22, 0x22, 0x22, 0x22, 0x22, 0x22, 0x22, 0x22,
    0x22, 0x22, 0x22, 0x22, 0x22, 0x22, 0x22, 0x22, 0x22, 0x22, 0x22, 0x22, 0x22, 0x22, 0x22, 0x22,
    0x22, 0x22, 0x22, 0x22, 0x22, 0x22, 0x22, 0x22, 0x22, 0x22, 0x22, 0x22, 0x22, 0x22, 0x22, 0x22,
    0x22, 0x22, 0x22, 0x22, 0x22, 0x22, 0x22, 0x22, 0x22, 0x22, 0x22, 0x22, 0x22, 0x22, 0x22, 0x22,
    0x22, 0x22, 0x22, 0x22, 0x22, 0x22, 0x22, 0x22, 0x22, 0x22, 0x22, 0x22, 0x33, 0x33, 0x33, 0x33,
    0x33, 0x33, 0x33, 0x20, 0x22, 0x22, 0x22, 0x22, 0x22, 0x22, 0x22, 0x22, 0x22, 0x22, 0x22, 0x22,
    0x22, 0x22, 0x22, 0x22, 0x22, 0x22, 0x22, 0x22, 0x22, 0x22, 0x22, 0x22, 0x22, 0x22, 0x22, 0x22,
    0x22, 0x22, 0x22, 0x22, 0x22, 0x22, 0x22, 0x22, 0x22, 0x22, 0x22, 0x22, 0x22, 0x22, 0x22, 0x22,
    0x22, 0x22, 0x22, 0x22, 0x22, 0x22, 0x22, 0x22, 0x22, 0x22, 0x22, 0x22, 0x22, 0x22, 0x22, 0x22,
    0x22, 0x22, 0x22, 0x22, 0x22, 0x22, 0x22, 0x22, 0x22, 0x22, 0x22, 0x22, 0x22, 0x22, 0x22, 0x22,
    0x22, 0x22, 0x22, 0x22, 0x22, 0x22, 0x22, 0x22, 0x22, 0x22, 0x22, 0x22, 0x22, 0x22, 0x22, 0x22,
    0x22, 0x23, 0x33, 0x33, 0x33, 0x33, 0x33, 0x30, 0x22, 0x22, 0x22, 0x22, 0x22, 0x22, 0x22, 0x22,
    0x22, 0x22, 0x22, 0x22, 0x22, 0x22, 0x22, 0x22, 0x22, 0x22, 0x22, 0x22, 0x22, 0x22, 0x22, 0x22,
    0x22, 0x22, 0x22, 0x22, 0x22, 0x22, 0x22, 0x22, 0x22, 0x22, 0x22, 0x22, 0x22, 0x22, 0x22, 0x22,
    0x22, 0x22, 0x22, 0x22, 0x22, 0x22, 0x22, 0x22, 0x22, 0x22, 0x22, 0x22, 0x22, 0x22, 0x22, 0x22,
    0x22, 0x22, 0x22, 0x22, 0x22, 0x22, 0x22, 0x22, 0x22, 0x22, 0x22, 0x22, 0x22, 0x22, 0x22, 0x22,
    0x22, 0x22, 0x22, 0x22, 0x22, 0x22, 0x22, 0x22, 0x22, 0x22, 0x22, 0x22, 0x22, 0x22, 0x22, 0x22,
    0x22, 0x22, 0x22, 0x22, 0x22, 0x22, 0x22, 0x22, 0x22, 0x22, 0x22, 0x20, 0x22, 0x22, 0x22, 0x22,
    0x22, 0x22, 0x22, 0x22, 0x22, 0x22, 0x22, 0x22, 0x22, 0x22, 0x22, 0x22, 0x22, 0x22, 0x22, 0x22,
    0x22, 0x22, 0x22, 0x22, 0x22, 0x22, 0x22, 0x22, 0x22, 0x22, 0x22, 0x22, 0x22, 0x22, 0x22, 0x22,
    0x22, 0x22, 0x22, 0x22, 0x22, 0x22, 0x22, 0x22, 0x22, 0x22, 0x22, 0x22, 0x22, 0x22, 0x22, 0x22,
    0x22, 0x22, 0x22, 0x22, 0x22, 0x22, 0x22, 0x22, 0x22, 0x22, 0x22, 0x22, 0x22, 0x22, 0x22, 0x22,
    0x22, 0x22, 0x22, 0x22, 0x22, 0x22, 0x22, 0x22, 0x22, 0x22, 0x22, 0x22, 0x22, 0x22, 0x22, 0x22,
    0x22, 0x22, 0x22, 0x22, 0x22, 0x22, 0x22, 0x22, 0x22, 0x22, 0x22, 0x22, 0x23, 0x33, 0x33, 0x33,
    0x22, 0x22, 0x22, 0x22, 0x22, 0x22, 0x22, 0x22, 0x22, 0x22, 0x22, 0x22, 0x22, 0x22, 0x22, 0x22,
    0x22, 0x22, 0x22, 0x22, 0x22, 0x22, 0x22, 0x22, 0x22, 0x22, 0x22, 0x22, 0x22, 0x22, 0x22, 0x22,
    0x22, 0x22, 0x22, 0x22, 0x22, 0x22, 0x22, 0x22, 0x22, 0x22, 0x22, 0x22, 0x22, 0x22, 0x22, 0x22,
    0x22, 0x22, 0x22, 0x22, 0x22, 0x22, 0x22, 0x22, 0x22, 0x22, 0x22, 0x22, 0x22, 0x22, 0x22, 0x22,
    0x22, 0x22, 0x22, 0x22, 0x22, 0x22, 0x22, 0x22, 0x22, 0x22, 0x22, 0x22, 0x22, 0x22, 0x22, 0x22,
    0x22, 0x22, 0x22, 0x22, 0x22, 0x22, 0x22, 0x22, 0x22, 0x22, 0x22, 0x22, 0x22, 0x22, 0x22, 0x22,
    0x22, 0x22, 0x22, 0x22, 0x22, 0x22, 0x22, 0x22, 0x22, 0x22, 0x22, 0x22, 0x22, 0x22, 0x22, 0x22,
    0x22, 0x22, 0x22, 0x22, 0x22, 0x22, 0x22, 0x22, 0x00, 0x00, 0x33, 0x33, 0x00, 0x00, 0x22, 0x22,
    0x22, 0x22, 0x22, 0x22, 0x22, 0x22, 0x22, 0x22, 0x22, 0x22, 0x22, 0x22, 0x22, 0x22, 0x22, 0x22,
    0x22, 0x22, 0x22, 0x22, 0x22, 0x22, 0x22, 0x22, 0x22, 0x22, 0x22, 0x22, 0x22, 0x22, 0x22, 0x22,
    0x22, 0x22, 0x22, 0x22, 0x22, 0x22, 0x22, 0x22, 0x22, 0x22, 0x22, 0x22, 0x22, 0x22, 0x22, 0x22,
    0x22, 0x00, 0x00, 0x33, 0x33, 0x00, 0x00, 0x22, 0x22, 0x22, 0x22, 0x22, 0x22, 0x22, 0x22, 0x22,
    0x22, 0x22, 0x22, 0x22, 0x22, 0x22, 0x23, 0x32, 0x22, 0x22, 0x22, 0x22, 0x22, 0x22, 0x22, 0x22,
    0x22, 0x22, 0x22, 0x22, 0x22, 0x22, 0x22, 0x22, 0x22, 0x22, 0x22, 0x00, 0x33, 0x33, 0x33, 0x33,
    0x33, 0x33, 0x00, 0x22, 0x22, 0x22, 0x22, 0x22, 0x22, 0x22, 0x22, 0x22, 0x22, 0x22, 0x22, 0x22,
    0x22, 0x22, 0x22, 0x22, 0x22, 0x22, 0x22, 0x22, 0x22, 0x22, 0x22, 0x22, 0x22, 0x22, 0x22, 0x22,
    0x22, 0x22, 0x22, 0x22, 0x22, 0x22, 0x22, 0x22, 0x22, 0x22, 0x22, 0x22, 0x22, 0x22, 0x22, 0x22,
    0x22, 0x22, 0x22, 0x22, 0x00, 0x33, 0x33, 0x33, 0x33, 0x33, 0x33, 0x00, 0x22, 0x22, 0x22, 0x22,
    0x22, 0x22, 0x22, 0x22, 0x22, 0x22, 0x22, 0x22, 0x22, 0x22, 0x23, 0x32, 0x22, 0x22, 0x22, 0x22,
    0x22, 0x22, 0x22, 0x22, 0x22, 0x22, 0x22, 0x22, 0x22, 0x22, 0x22, 0x22, 0x22, 0x22, 0x00, 0x33,
    0x33, 0x33, 0x33, 0x33, 0x33, 0x33, 0x33, 0x00, 0x22, 0x22, 0x22, 0x22, 0x22, 0x22, 0x22, 0x22,
    0x22, 0x22, 0x22, 0x22, 0x22, 0x22, 0x22, 0x22, 0x22, 0x22, 0x22, 0x22, 0x22, 0x22, 0x22, 0x22,
    0x22, 0x22, 0x22, 0x22, 0x22, 0x22, 0x22, 0x22, 0x22, 0x22, 0x22, 0x22, 0x22, 0x22, 0x22, 0x22,
    0x22, 0x22, 0x22, 0x22, 0x22, 0x22, 0x22, 0x00, 0x33, 0x33, 0x33, 0x33, 0x33, 0x33, 0x33, 0x33,
    0x00, 0x22, 0x22, 0x22, 0x22, 0x22, 0x22, 0x22, 0x22, 0x22, 0x22, 0x22, 0x22, 0x22, 0x23, 0x32,
    0x22, 0x22, 0x22, 0x22, 0x22, 0x22, 0x22, 0x22, 0x22, 0x22, 0x22, 0x22, 0x22, 0x22, 0x22, 0x22,
    0x22, 0x20, 0x33, 0x33, 0x33, 0x33, 0x33, 0x33, 0x33, 0x33, 0x33, 0x33, 0x02, 0x22, 0x22, 0x22,
    0x22, 0x22, 0x22, 0x22, 0x22, 0x22, 0x22, 0x22, 0x22, 0x22, 0x22, 0x22, 0x22, 0x22, 0x22, 0x22,
    0x22, 0x22, 0x22, 0x22, 0x22, 0x22, 0x22, 0x22, 0x22, 0x22, 0x22, 0x22, 0x22, 0x22, 0x22, 0x22,
    0x22, 0x22, 0x22, 0x22, 0x22, 0x22, 0x22, 0x22, 0x22, 0x22, 0x20, 0x33, 0x33, 0x33, 0x33, 0x33,
    0x33, 0x33, 0x33, 0x33, 0x33, 0x02, 0x22, 0x22, 0x22, 0x22, 0x22, 0x22, 0x22, 0x22, 0x22, 0x22,
    0x22, 0x22, 0x23, 0x32, 0x22, 0x22, 0x22, 0x22, 0x22, 0x22, 0x22, 0x22, 0x22, 0x22, 0x22, 0x22,
    0x22, 0x22, 0x22, 0x22, 0x22, 0x03, 0x33, 0x33, 0x33, 0x33, 0x33, 0x33, 0x33, 0x33, 0x33, 0x33,
    0x30, 0x22, 0x22, 0x22, 0x22, 0x22, 0x22, 0x22, 0x22, 0x22, 0x22, 0x22, 0x22, 0x22, 0x22, 0x22,
    0x22, 0x22, 0x22, 0x22, 0x22, 0x22, 0x22, 0x22, 0x22, 0x22, 0x22, 0x22, 0x22, 0x22, 0x22, 0x22,
    0x22, 0x22, 0x22, 0x22, 0x22, 0x22, 0x22, 0x22, 0x22, 0x22, 0x22, 0x22, 0x22, 0x22, 0x03, 0x33,
    0x33, 0x33, 0x33, 0x33, 0x33, 0x33, 0x33, 0x33, 0x33, 0x30, 0x22, 0x22, 0x22, 0x22, 0x22, 0x22,
    0x22, 0x22, 0x22, 0x22, 0x22, 0x22, 0x23, 0x32, 0x02, 0x22, 0x22, 0x22, 0x22, 0x22, 0x22, 0x22,
    0x22, 0x22, 0x22, 0x22, 0x22, 0x22, 0x22, 0x22, 0x20, 0x33, 0x33, 0x33, 0x33, 0x33, 0x33, 0x33,
    0x33, 0x33, 0x33, 0x33, 0x33, 0x02, 0x22, 0x22, 0x22, 0x22, 0x22, 0x22, 0x22, 0x22, 0x22, 0x22,
    0x22, 0x22, 0x22, 0x22, 0x22, 0x22, 0x22, 0x22, 0x22, 0x22, 0x22, 0x22, 0x22, 0x22, 0x22, 0x22,
    0x22, 0x22, 0x22, 0x22, 0x22, 0x22, 0x22, 0x22, 0x22, 0x22, 0x22, 0x22, 0x22, 0x22, 0x22, 0x22,
    0x22, 0x20, 0x33, 0x33, 0x33, 0x33, 0x33, 0x33, 0x33, 0x33, 0x33, 0x33, 0x33, 0x33, 0x02, 0x22,
    0x22, 0x22, 0x22, 0x22, 0x22, 0x22, 0x22, 0x22, 0x23, 0x33, 0x33, 0x32, 0x03, 0x32, 0x22, 0x22,
    0x22, 0x22, 0x22, 0x22, 0x22, 0x22, 0x22, 0x22, 0x22, 0x22, 0x22, 0x22, 0x03, 0x33, 0x33, 0x33,
    0x33, 0x33, 0x33, 0x33, 0x33, 0x33, 0x33, 0x33, 0x33, 0x30, 0x22, 0x22, 0x22, 0x22, 0x22, 0x22,
    0x22, 0x22, 0x22, 0x22, 0x22, 0x22, 0x22, 0x22, 0x22, 0x22, 0x22, 0x22, 0x22, 0x22, 0x22, 0x22,
    0x22, 0x22, 0x22, 0x22, 0x22, 0x22, 0x22, 0x22, 0x22, 0x22, 0x22, 0x22, 0x22, 0x22, 0x22, 0x22,
    0x22, 0x22, 0x22, 0x22, 0x22, 0x03, 0x33, 0x33, 0x33, 0x33, 0x33, 0x33, 0x33, 0x33, 0x33, 0x33,
    0x33, 0x33, 0x30, 0x22, 0x22, 0x22, 0x22, 0x22, 0x22, 0x22, 0x33, 0x44, 0x44, 0x43, 0x33, 0x30,
    0x03, 0x32, 0x22, 0x22, 0x22, 0x22, 0x22, 0x22, 0x22, 0x22, 0x22, 0x22, 0x22, 0x22, 0x22, 0x20,
    0x33, 0x33, 0x33, 0x33, 0x33, 0x33, 0x33, 0x33, 0x33, 0x33, 0x33, 0x33, 0x33, 0x33, 0x02, 0x22,
    0x22, 0x22, 0x22, 0x22, 0x22, 0x22, 0x22, 0x22, 0x22, 0x22, 0x22, 0x22, 0x22, 0x22, 0x22, 0x22,
    0x22, 0x22, 0x22, 0x22, 0x22, 0x22, 0x22, 0x22, 0x22, 0x22, 0x22, 0x22, 0x22, 0x22, 0x22, 0x22,
    0x22, 0x22, 0x22, 0x22, 0x22, 0x22, 0x22, 0x22, 0x20, 0x33, 0x33, 0x33, 0x33, 0x33, 0x33, 0x33,
    0x33, 0x33, 0x33, 0x33, 0x33, 0x33, 0x33, 0x02, 0x22, 0x22, 0x22, 0x22, 0x22, 0x33, 0x34, 0x44,
    0x44, 0x44, 0x32, 0x20, 0x03, 0x32, 0x22, 0x22, 0x22, 0x22, 0x22, 0x22, 0x22, 0x22, 0x22, 0x22,
    0x22, 0x22, 0x22, 0x20, 0x33, 0x33, 0x33, 0x33, 0x33, 0x33, 0x33, 0x33, 0x33, 0x33, 0x33, 0x33,
    0x33, 0x33, 0x02, 0x22, 0x22, 0x22, 0x22, 0x22, 0x22, 0x22, 0x22, 0x22, 0x22, 0x22, 0x22, 0x22,
    0x22, 0x22, 0x22, 0x22, 0x22, 0x22, 0x22, 0x22, 0x22, 0x22, 0x22, 0x22, 0x22, 0x22, 0x22, 0x22,
    0x22, 0x22, 0x22, 0x22, 0x22, 0x22, 0x22, 0x22, 0x22, 0x22, 0x22, 0x22, 0x20, 0x33, 0x33, 0x33,
    0x33, 0x33, 0x33, 0x33, 0x33, 0x33, 0x33, 0x33, 0x33, 0x33, 0x33, 0x02, 0x22, 0x22, 0x22, 0x22,
    0x22, 0x23, 0x34, 0x44, 0x44, 0x44, 0x32, 0x20, 0x03, 0x32, 0x22, 0x22, 0x22, 0x22, 0x22, 0x22,
    0x22, 0x22, 0x22, 0x22, 0x22, 0x22, 0x22, 0x03, 0x33, 0x33, 0x33, 0x33, 0x33, 0x33, 0x33, 0x33,
    0x33, 0x33, 0x33, 0x33, 0x33, 0x33, 0x30, 0x22, 0x22, 0x22, 0x22, 0x22, 0x22, 0x22, 0x22, 0x22,
    0x22, 0x22, 0x22, 0x22, 0x22, 0x22, 0x22, 0x22, 0x22, 0x22, 0x22, 0x22, 0x22, 0x22, 0x22, 0x22,
    0x22, 0x22, 0x22, 0x22, 0x22, 0x22, 0x22, 0x22, 0x22, 0x22, 0x22, 0x22, 0x22, 0x22, 0x22, 0x22,
    0x03, 0x33, 0x33, 0x33, 0x33, 0x33, 0x33, 0x33, 0x33, 0x33, 0x33, 0x33, 0x33, 0x33, 0x33, 0x30,
    0x22, 0x22, 0x22, 0x22, 0x22, 0x23, 0x34, 0x44, 0x44, 0x44, 0x33, 0x20, 0x03, 0x32, 0x22, 0x22,
    0x22, 0x22, 0x22, 0x22, 0x22, 0x22, 0x22, 0x22, 0x22, 0x22, 0x22, 0x03, 0x33, 0x33, 0x33, 0x33,
    0x33, 0x33, 0x33, 0x33, 0x33, 0x33, 0x33, 0x33, 0x33, 0x33, 0x30, 0x22, 0x22, 0x22, 0x22, 0x22,
    0x22, 0x22, 0x22, 0x22, 0x22, 0x22, 0x22, 0x22, 0x22, 0x22, 0x22, 0x22, 0x22, 0x22, 0x22, 0x22,
    0x22, 0x22, 0x22, 0x22, 0x22, 0x22, 0x22, 0x22, 0x22, 0x22, 0x22, 0x22, 0x22, 0x22, 0x22, 0x22,
    0x22, 0x22, 0x22, 0x22, 0x03, 0x33, 0x33, 0x33, 0x33, 0x33, 0x33, 0x33, 0x33, 0x33, 0x33, 0x33,
    0x33, 0x33, 0x33, 0x30, 0x22, 0x22, 0x22, 0x22, 0x22, 0x22, 0x34, 0x44, 0x44, 0x44, 0x33, 0x20,
    0x00, 0x22, 0x22, 0x22, 0x22, 0x22, 0x22, 0x22, 0x22, 0x22, 0x22, 0x22, 0x22, 0x22, 0x20, 0x33,
    0x33, 0x33, 0x33, 0x33, 0x33, 0x33, 0x33, 0x33, 0x33, 0x33, 0x33, 0x33, 0x33, 0x33, 0x33, 0x02,
    0x22, 0x22, 0x22, 0x22, 0x22, 0x22, 0x22, 0x22, 0x22, 0x22, 0x22, 0x22, 0x22, 0x22, 0x22, 0x22,
    0x22, 0x22, 0x22, 0x22, 0x22, 0x22, 0x22, 0x22, 0x22, 0x22, 0x22, 0x22, 0x22, 0x22, 0x22, 0x22,
    0x22, 0x22, 0x22, 0x22, 0x22, 0x22, 0x22, 0x20, 0x33, 0x33, 0x33, 0x33, 0x33, 0x33, 0x33, 0x33,
    0x33, 0x33, 0x33, 0x33, 0x33, 0x33, 0x33, 0x33, 0x02, 0x22, 0x22, 0x22, 0x22, 0x22, 0x33, 0x44,
    0x44, 0x43, 0x33, 0x00, 0x00, 0x02, 0x22, 0x22, 0x32, 0x22, 0x23, 0x22, 0x22, 0x32, 0x22, 0x22,
    0x22, 0x22, 0x20, 0x33, 0x33, 0x33, 0x33, 0x33, 0x33, 0x33, 0x33, 0x33, 0x33, 0x33, 0x33, 0x33,
    0x33, 0x33, 0x33, 0x02, 0x22, 0x22, 0x22, 0x22, 0x22, 0x22, 0x22, 0x22, 0x22, 0x22, 0x22, 0x22,
    0x22, 0x22, 0x22, 0x22, 0x22, 0x22, 0x22, 0x22, 0x22, 0x22, 0x22, 0x22, 0x22, 0x22, 0x22, 0x22,
    0x22, 0x22, 0x22, 0x22, 0x22, 0x22, 0x22, 0x22, 0x22, 0x22, 0x22, 0x20, 0x33, 0x33, 0x33, 0x33,
    0x33, 0x33, 0x33, 0x33, 0x33, 0x33, 0x33, 0x33, 0x33, 0x33, 0x33, 0x33, 0x02, 0x22, 0x22, 0x22,
    0x22, 0x22, 0x23, 0x33, 0x33, 0x33, 0x33, 0x00, 0x00, 0x03, 0x33, 0x33, 0x33, 0x33, 0x33, 0x33,
    0x33, 0x33, 0x33, 0x33, 0x22, 0x22, 0x20, 0x33, 0x33, 0x33, 0x33, 0x33, 0x33, 0x33, 0x33, 0x33,
    0x33, 0x33, 0x33, 0x33, 0x33, 0x33, 0x33, 0x02, 0x22, 0x22, 0x22, 0x22, 0x22, 0x22, 0x22, 0x22,
    0x22, 0x22, 0x22, 0x22, 0x22, 0x22, 0x22, 0x22, 0x22, 0x22, 0x22, 0x22, 0x22, 0x22, 0x22, 0x22,
    0x22, 0x22, 0x22, 0x22, 0x22, 0x22, 0x22, 0x22, 0x22, 0x22, 0x22, 0x22, 0x22, 0x22, 0x22, 0x20,
    0x33, 0x33, 0x33, 0x33, 0x33, 0x33, 0x33, 0x33, 0x33, 0x33, 0x33, 0x33, 0x33, 0x33, 0x33, 0x33,
    0x02, 0x22, 0x22, 0x22, 0x22, 0x22, 0x22, 0x22, 0x22, 0x22, 0x20, 0x00, 0x00, 0x03, 0x33, 0x33,
    0x33, 0x33, 0x33, 0x33, 0x33, 0x33, 0x33, 0x33, 0x22, 0x22, 0x20, 0x33, 0x33, 0x33, 0x33, 0x33,
    0x33, 0x33, 0x33, 0x33, 0x33, 0x33, 0x33, 0x33, 0x33, 0x33, 0x33, 0x02, 0x22, 0x22, 0x22, 0x22,
    0x22, 0x22, 0x22, 0x22, 0x22, 0x22, 0x22, 0x22, 0x22, 0x22, 0x22, 0x22, 0x22, 0x22, 0x22, 0x22,
    0x22, 0x22, 0x22, 0x22, 0x22, 0x22, 0x22, 0x22, 0x22, 0x22, 0x22, 0x22, 0x22, 0x22, 0x22, 0x22,
    0x22, 0x22, 0x22, 0x23, 0x33, 0x33, 0x33, 0x33, 0x33, 0x33, 0x33, 0x33, 0x33, 0x33, 0x33, 0x33,
    0x33, 0x33, 0x33, 0x33, 0x02, 0x22, 0x22, 0x22, 0x22, 0x22, 0x22, 0x22, 0x22, 0x22, 0x00, 0x00,
    0x00, 0x00, 0x00, 0x00, 0x00, 0x00, 0x00, 0x00, 0x22, 0x22, 0x22, 0x22, 0x22, 0x22, 0x23, 0x33,
    0x33, 0x33, 0x33, 0x33, 0x33, 0x33, 0x33, 0x33, 0x33, 0x33, 0x33, 0x33, 0x33, 0x33, 0x33, 0x32,
    0x22, 0x22, 0x22, 0x22, 0x22, 0x22, 0x22, 0x22, 0x22, 0x22, 0x22, 0x22, 0x22, 0x22, 0x22, 0x22,
    0x22, 0x22, 0x22, 0x22, 0x22, 0x22, 0x22, 0x22, 0x22, 0x22, 0x22, 0x22, 0x22, 0x22, 0x22, 0x22,
    0x22, 0x22, 0x22, 0x22, 0x22, 0x22, 0x22, 0x23, 0x33, 0x33, 0x33, 0x33, 0x33, 0x33, 0x33, 0x33,
    0x33, 0x33, 0x33, 0x33, 0x33, 0x33, 0x33, 0x33, 0x32, 0x22, 0x22, 0x22, 0x33, 0x33, 0x33, 0x33,
    0x33, 0x33, 0x00, 0x00, 0x00, 0x00, 0x00, 0x00, 0x00, 0x00, 0x00, 0x00, 0x00, 0x00, 0x00, 0x00,
    0x22, 0x22, 0x23, 0x33, 0x33, 0x33, 0x33, 0x33, 0x33, 0x33, 0x33, 0x33, 0x33, 0x33, 0x33, 0x33,
    0x33, 0x33, 0x33, 0x32, 0x22, 0x22, 0x22, 0x22, 0x22, 0x22, 0x22, 0x22, 0x22, 0x22, 0x22, 0x22,
    0x22, 0x22, 0x22, 0x22, 0x22, 0x22, 0x22, 0x22, 0x22, 0x22, 0x22, 0x22, 0x22, 0x22, 0x22, 0x22,
    0x22, 0x22, 0x22, 0x22, 0x22, 0x22, 0x22, 0x22, 0x22, 0x22, 0x22, 0x23, 0x33, 0x33, 0x33, 0x33,
    0x33, 0x33, 0x33, 0x33, 0x33, 0x33, 0x33, 0x33, 0x33, 0x33, 0x33, 0x33, 0x32, 0x33, 0x33, 0x33,
    0x33, 0x33, 0x33, 0x33, 0x33, 0x33, 0x33, 0x30, 0x00, 0x00, 0x00, 0x00, 0x00, 0x00, 0x00, 0x00,
    0x00, 0x00, 0x00, 0x00, 0x00, 0x00, 0x03, 0x33, 0x33, 0x33, 0x33, 0x33, 0x33, 0x33, 0x33, 0x33,
    0x33, 0x33, 0x33, 0x33, 0x33, 0x33, 0x33, 0x33, 0x33, 0x33, 0x33, 0x33, 0x33, 0x33, 0x33, 0x33,
    0x33, 0x33, 0x33, 0x33, 0x33, 0x33, 0x33, 0x33, 0x33, 0x33, 0x33, 0x33, 0x33, 0x33, 0x33, 0x33,
    0x33, 0x33, 0x33, 0x33, 0x33, 0x33, 0x33, 0x33, 0x33, 0x33, 0x33, 0x33, 0x33, 0x33, 0x33, 0x33,
    0x33, 0x33, 0x33, 0x33, 0x33, 0x33, 0x33, 0x33, 0x33, 0x33, 0x33, 0x33, 0x33, 0x33, 0x33, 0x33,
    0x30, 0x00, 0x03, 0x33, 0x33, 0x33, 0x33, 0x33, 0x33, 0x33, 0x30, 0x00, 0x00, 0x00, 0x00, 0x00,
    0x00, 0x00, 0x00, 0x00, 0x00, 0x00, 0x00, 0x00, 0x00, 0x00, 0x03, 0x33, 0x33, 0x33, 0x33, 0x33,
    0x33, 0x33, 0x33, 0x33, 0x33, 0x33, 0x33, 0x33, 0x33, 0x33, 0x33, 0x30, 0x00, 0x33, 0x33, 0x33,
    0x33, 0x33, 0x33, 0x33, 0x33, 0x33, 0x33, 0x33, 0x33, 0x33, 0x33, 0x33, 0x33, 0x33, 0x33, 0x33,
    0x33, 0x33, 0x33, 0x33, 0x33, 0x33, 0x33, 0x33, 0x33, 0x33, 0x33, 0x33, 0x33, 0x33, 0x33, 0x33,
    0x33, 0x33, 0x30, 0x03, 0x33, 0x33, 0x33, 0x33, 0x33, 0x33, 0x33, 0x33, 0x33, 0x33, 0x33, 0x33,
    0x33, 0x33, 0x33, 0x33, 0x30, 0x00, 0x00, 0x00, 0x00, 0x00, 0x00, 0x00, 0x00, 0x00, 0x00, 0x00,
    0x00, 0x00, 0x00, 0x00, 0x00, 0x00, 0x00, 0x00, 0x00, 0x00, 0x00, 0x00, 0x00, 0x00, 0x00, 0x33,
    0x33, 0x33, 0x33, 0x33, 0x33, 0x33, 0x33, 0x33, 0x33, 0x33, 0x33, 0x33, 0x33, 0x33, 0x33, 0x00,
    0x00, 0x00, 0x00, 0x00, 0x00, 0x00, 0x00, 0x00, 0x00, 0x00, 0x00, 0x00, 0x00, 0x00, 0x00, 0x00,
    0x00, 0x00, 0x00, 0x00, 0x00, 0x00, 0x00, 0x00, 0x00, 0x00, 0x00, 0x00, 0x00, 0x00, 0x00, 0x00,
    0x00, 0x00, 0x00, 0x00, 0x00, 0x00, 0x00, 0x00, 0x33, 0x33, 0x33, 0x33, 0x33, 0x33, 0x33, 0x33,
    0x33, 0x33, 0x33, 0x33, 0x33, 0x33, 0x33, 0x33, 0x00, 0x00, 0x00, 0x00, 0x00, 0x00, 0x00, 0x00,
    0x00, 0x00, 0x00, 0x00, 0x00, 0x00, 0x00, 0x00, 0x00, 0x00, 0x00, 0x00, 0x00, 0x00, 0x00, 0x00,
    0x00, 0x00, 0x00, 0x33, 0x33, 0x33, 0x33, 0x33, 0x33, 0x33, 0x33, 0x33, 0x33, 0x33, 0x33, 0x33,
    0x33, 0x33, 0x33, 0x00, 0x00, 0x00, 0x00, 0x00, 0x00, 0x00, 0x00, 0x00, 0x00, 0x00, 0x00, 0x00,
    0x00, 0x00, 0x00, 0x00, 0x00, 0x00, 0x00, 0x00, 0x00, 0x00, 0x00, 0x00, 0x00, 0x00, 0x00, 0x00,
    0x00, 0x00, 0x00, 0x00, 0x00, 0x00, 0x00, 0x00, 0x00, 0x00, 0x00, 0x00, 0x33, 0x33, 0x33, 0x33,
    0x33, 0x33, 0x33, 0x33, 0x33, 0x33, 0x33, 0x33, 0x33, 0x33, 0x33, 0x33, 0x00, 0x00, 0x00, 0x00,
    0x00, 0x00, 0x00, 0x00, 0x00, 0x00, 0x00, 0x00, 0x00, 0x00, 0x00, 0x00, 0x00, 0x00, 0x00, 0x00,
    0x00, 0x00, 0x00, 0x00, 0x00, 0x00, 0x00, 0x33, 0x33, 0x33, 0x33, 0x33, 0x33, 0x33, 0x33, 0x33,
    0x33, 0x33, 0x33, 0x33, 0x33, 0x33, 0x33, 0x00, 0x00, 0x00, 0x00, 0x00, 0x00, 0x00, 0x00, 0x00,
    0x00, 0x00, 0x00, 0x00, 0x00, 0x00, 0x00, 0x00, 0x00, 0x00, 0x00, 0x00, 0x00, 0x00, 0x00, 0x00,
    0x00, 0x00, 0x00, 0x00, 0x00, 0x00, 0x00, 0x00, 0x00, 0x00, 0x00, 0x00, 0x00, 0x00, 0x00, 0x00,
    0x33, 0x33, 0x33, 0x33, 0x33, 0x33, 0x33, 0x33, 0x33, 0x33, 0x33, 0x33, 0x33, 0x33, 0x33, 0x33,
    0x00, 0x00, 0x00, 0x00, 0x00, 0x00, 0x00, 0x00, 0x00, 0x00, 0x00, 0x00, 0x00, 0x00, 0x00, 0x00,
    0x00, 0x00, 0x00, 0x00, 0x00, 0x00, 0x00, 0x00, 0x00, 0x00, 0x00, 0x00, 0x00, 0x00, 0x00, 0x00,
    0x00, 0x00, 0x00, 0x00, 0x00, 0x00, 0x00, 0x00, 0x00, 0x00, 0x00, 0x00, 0x00, 0x00, 0x00, 0x00,
    0x00, 0x00, 0x00, 0x00, 0x00, 0x00, 0x00, 0x00, 0x00, 0x00, 0x00, 0x00, 0x00, 0x00, 0x00, 0x00,
    0x00, 0x00, 0x00, 0x00, 0x00, 0x00, 0x00, 0x00, 0x00, 0x00, 0x00, 0x00, 0x00, 0x00, 0x00, 0x00,
    0x00, 0x00, 0x00, 0x00, 0x00, 0x00, 0x00, 0x00, 0x00, 0x00, 0x00, 0x00, 0x00, 0x00, 0x00, 0x00,
    0x00, 0x00, 0x00, 0x00, 0x00, 0x00, 0x00, 0x00, 0x00, 0x00, 0x00, 0x00, 0x00, 0x00, 0x00, 0x00,
    0x00, 0x00, 0x00, 0x00, 0x00, 0x00, 0x00, 0x00, 0x00, 0x00, 0x00, 0x00, 0x00, 0x00, 0x00, 0x00,
    0x00, 0x00, 0x00, 0x00, 0x00, 0x00, 0x00, 0x00, 0x00, 0x00, 0x00, 0x00, 0x00, 0x00, 0x00, 0x00,
    0x00, 0x00, 0x00, 0x00, 0x00, 0x00, 0x00, 0x00, 0x00, 0x00, 0x00, 0x00, 0x00, 0x00, 0x00, 0x00,
    0x00, 0x00, 0x00, 0x00, 0x00, 0x00, 0x00, 0x00, 0x00, 0x00, 0x00, 0x00, 0x00, 0x00, 0x00, 0x00,
    0x00, 0x00, 0x00, 0x00, 0x00, 0x00, 0x00, 0x00, 0x00, 0x00, 0x00, 0x00, 0x00, 0x00, 0x00, 0x00,
    0x00, 0x00, 0x00, 0x00, 0x00, 0x00, 0x00, 0x00, 0x00, 0x00, 0x00, 0x00, 0x00, 0x00, 0x00, 0x00,
    0x00, 0x00, 0x00, 0x00, 0x00, 0x00, 0x00, 0x00, 0x00, 0x00, 0x00, 0x00, 0x00, 0x00, 0x00, 0x00,
    0x00, 0x00, 0x00, 0x00, 0x00, 0x00, 0x00, 0x00, 0x00, 0x00, 0x00, 0x00, 0x00, 0x00, 0x00, 0x00,
    0x00, 0x00, 0x00, 0x00, 0x00, 0x00, 0x00, 0x00, 0x00, 0x00, 0x00, 0x00, 0x00, 0x00, 0x00, 0x00,
    0x00, 0x00, 0x00, 0x00, 0x00, 0x00, 0x00, 0x00, 0x00, 0x00, 0x00, 0x00, 0x00, 0x00, 0x00, 0x00,
    0x00, 0x00, 0x00, 0x00, 0x00, 0x00, 0x00, 0x00, 0x00, 0x00, 0x00, 0x00, 0x00, 0x00, 0x00, 0x00,
    0x00, 0x00, 0x00, 0x00, 0x00, 0x00, 0x00, 0x00, 0x00, 0x00, 0x00, 0x00, 0x00, 0x00, 0x00, 0x00,
    0x00, 0x00, 0x00, 0x00, 0x00, 0x00, 0x00, 0x00, 0x00, 0x00, 0x00, 0x00, 0x00, 0x00, 0x00, 0x00,
    0x00, 0x00, 0x00, 0x00, 0x00, 0x00, 0x00, 0x00, 0x00, 0x00, 0x00, 0x00, 0x00, 0x00, 0x00, 0x00,
    0x00, 0x00, 0x00, 0x00, 0x00, 0x00, 0x00, 0x00, 0x00, 0x00, 0x00, 0x00, 0x00, 0x00, 0x00, 0x00,
    0x00, 0x00, 0x00, 0x00, 0x00, 0x00, 0x00, 0x00, 0x00, 0x00, 0x00, 0x00, 0x00, 0x00, 0x00, 0x00,
    0x00, 0x00, 0x00, 0x00, 0x00, 0x00, 0x00, 0x00, 0x00, 0x00, 0x00, 0x00, 0x00, 0x00, 0x00, 0x00,
    0x00, 0x00, 0x00, 0x00, 0x00, 0x00, 0x00, 0x00, 0x00, 0x00, 0x00, 0x00, 0x00, 0x00, 0x00, 0x00,
    0x00, 0x00, 0x00, 0x00, 0x00, 0x00, 0x00, 0x00, 0x00, 0x00, 0x00, 0x00, 0x00, 0x00, 0x00, 0x00,
    0x00, 0x00, 0x00, 0x00, 0x00, 0x00, 0x00, 0x00, 0x00, 0x00, 0x00, 0x00, 0x00, 0x00, 0x00, 0x00,
    0x00, 0x00, 0x00, 0x00, 0x00, 0x00, 0x00, 0x00, 0x00, 0x00, 0x00, 0x00, 0x00, 0x00, 0x00, 0x00,
    0x00, 0x00, 0x00, 0x00, 0x00, 0x00, 0x00, 0x00, 0x00, 0x00, 0x00, 0x00, 0x00, 0x00, 0x00, 0x00,
    0x00, 0x00, 0x00, 0x00, 0x00, 0x00, 0x00, 0x00, 0x00, 0x00, 0x00, 0x00, 0x00, 0x00, 0x00, 0x00,
    0x00, 0x00, 0x00, 0x00, 0x00, 0x00, 0x00, 0x00, 0x00, 0x00, 0x00, 0x00, 0x00, 0x00, 0x00, 0x00,
    0x00, 0x00, 0x00, 0x00, 0x00, 0x00, 0x00, 0x00, 0x00, 0x00, 0x00, 0x00, 0x00, 0x00, 0x00, 0x00,
    0x00, 0x00, 0x00, 0x00, 0x00, 0x00, 0x00, 0x00, 0x00, 0x00, 0x00, 0x00, 0x00, 0x00, 0x00, 0x00,
    0x00, 0x00, 0x00, 0x00, 0x00, 0x00, 0x00, 0x00, 0x00, 0x00, 0x00, 0x00, 0x00, 0x00, 0x00, 0x00,
    0x00, 0x00, 0x00, 0x00, 0x00, 0x00, 0x00, 0x00, 0x00, 0x00, 0x00, 0x00, 0x00, 0x00, 0x00, 0x00,
    0x00, 0x00, 0x00, 0x00, 0x00, 0x00, 0x00, 0x00, 0x00, 0x00, 0x00, 0x00, 0x00, 0x00, 0x00, 0x00,
    0x00, 0x00, 0x00, 0x00, 0x00, 0x00, 0x00, 0x00, 0x00, 0x00, 0x00, 0x00, 0x00, 0x00, 0x00, 0x00,
    0x00, 0x00, 0x00, 0x00, 0x00, 0x00, 0x00, 0x00, 0x00, 0x00, 0x00, 0x00, 0x00, 0x00, 0x00, 0x00,
    0x00, 0x00, 0x00, 0x00, 0x00, 0x00, 0x00, 0x00, 0x00, 0x00, 0x00, 0x00, 0x00, 0x00, 0x00, 0x00,
    0x00, 0x00, 0x00, 0x00, 0x00, 0x00, 0x00, 0x00, 0x00, 0x00, 0x00, 0x00, 0x00, 0x00, 0x00, 0x00,
    0x00, 0x00, 0x00, 0x00, 0x00, 0x00, 0x00, 0x00, 0x00, 0x00, 0x00, 0x00, 0x00, 0x00, 0x00, 0x00,
    0x00, 0x00, 0x00, 0x00, 0x00, 0x00, 0x00, 0x00, 0x00, 0x00, 0x00, 0x00, 0x00, 0x00, 0x00, 0x00,
    0x00, 0x00, 0x00, 0x00, 0x00, 0x00, 0x00, 0x00, 0x00, 0x00, 0x00, 0x00, 0x00, 0x00, 0x00, 0x00,
    0x00, 0x00, 0x00, 0x00, 0x00, 0x00, 0x00, 0x00, 0x00, 0x00, 0x00, 0x00, 0x00, 0x00, 0x00, 0x00,
    0x00, 0x00, 0x00, 0x00, 0x00, 0x00, 0x00, 0x00,
};
